"Aerospace Engineering, BS","['NPRE 201', 'CSE 412', 'SE 423', 'PHYS 485', 'ECE 329', 'MATH 484', 'CHEM 236', 'ME 200', 'CEE 471', 'MATH 285', 'AE 311', 'CEE 451', 'MATH 402', 'TAM 470', 'MSE 450', 'TMGT 461', 'CS 465', 'MATH 482', 'AE 483', 'PHYS 486', 'ATMS 306', 'ECE 310', 'ECE 220', 'MATH 347', 'CEE 310', 'PHYS 326', 'MSE 401', 'PHYS 435', 'TE 401', 'ECE 486', 'SE 420', 'ME 400', 'ECE 342', 'CS 461', 'ME 360', 'ECE 330', 'MATH 461', 'AE 321', 'MSE 453', 'MSE 498', 'CHEM 232', 'MATH 489', 'ECE 311', 'CHEM 233', 'TAM 324', 'MATH 416', 'TAM 212', 'ME 498', 'ATMS 406', 'MSE 440', 'ME 370', 'STAT 448', 'AE 323', 'AE 460', 'AE 353', 'MATH 442', 'AE 443', 'ECE 385', 'AE 202', 'TAM 456', 'AE 461', 'ATMS 301', 'CEE 407', 'ATMS 410', 'AE 433', 'ECE 210', 'NPRE 498', 'ECE 205', 'ATMS 302', 'ECE 473', 'ME 320', 'AE 312', 'TAM 451', 'MSE 457', 'ASTR 414', 'CS 225', 'ATMS 313', 'MATH 413', 'ATMS 304', 'AE 370', 'NPRE 470', 'CEE 330', 'SE 310', 'ECE 343', 'IE 310', 'ATMS 305', 'CEE 412', 'ASTR 406', 'AE 352', 'PHYS 325', 'ENG 491', 'STAT 428', 'NPRE 475', 'CEE 380', 'NPRE 402', 'ASTR 405', 'AE 442', 'CS 420', 'MSE 443', 'ATMS 303', 'ME 401', 'CEE 360', 'MATH 446']"
"Mechanical Engineering, BS","['CEE 461', 'CHEM 497', 'PHYS 475', 'ECE 342', 'NPRE 455', 'MATH 285', 'BIOE 497', 'MATH 464', 'ECE 456', 'MSE 489', 'TAM 212', 'CS 445', 'CEE 498', 'MCB 403', 'CSE 402', 'CEE 438', 'CEE 408', 'CS 242', 'CS 461', 'ECE 453', 'ECE 476', 'STAT 430', 'MSE 458', 'BIOE 481', 'MSE 466', 'NPRE 470', 'MATH 475', 'BIOE 416', 'STAT 426', 'IE 360', 'CEE 445', 'CEE 462', 'PHYS 427', 'NPRE 402', 'STAT 480', 'NPRE 423', 'BIOE 414', 'ECE 418', 'MATH 413', 'ECE 329', 'ECE 482', 'MATH 492', 'STAT 440', 'ABE 455', 'CHBE 475', 'AE 454', 'MSE 484', 'TAM 251', 'PHYS 404', 'NPRE 444', 'CS 429', 'AE 456', 'CS 439', 'CHEM 420', 'CS 460', 'CHBE 473', 'MATH 415', 'MATH 347', 'NPRE 429', 'CHEM 237', 'CEE 480', 'ABE 466', 'MSE 304', 'CS 413', 'ABE 463', 'ECE 437', 'CS 465', 'CEE 452', 'STAT 458', 'ECE 402', 'CHEM 482', 'CEE 440', 'CSE 441', 'ABE 498', 'CS 419', 'CEE 330', 'MSE 402', 'BIOE 461', 'BIOE 498', 'CEE 446', 'AE 483', 'CS 427', 'MSE 497', 'CHEM 440', 'ME 320', 'ECE 483', 'CS 468', 'CS 411', 'CS 428', 'PHYS 435', 'PHYS 487', 'MSE 443', 'CHEM 474', 'BIOC 455', 'ECE 447', 'STAT 428', 'ECE 403', 'BIOE 380', 'ABE 436', 'ECE 330', 'CEE 449', 'CEE 380', 'MSE 481', 'CEE 340', 'CEE 407', 'ECE 454', 'CEE 421', 'CS 498', 'ECE 206', 'ECE 333', 'CEE 417', 'MSE 455', 'CHEM 317', 'TE 461', 'NPRE 446', 'SE 498', 'BIOP 401', 'CS 426', 'ECE 480', 'ECE 444', 'CEE 457', 'CS 412', 'MSE 405', 'AE 497', 'NPRE 421', 'CHEM 480', 'BIOP 419', 'MSE 480', 'MATH 446', 'CS 357', 'ECE 498', 'SE 424', 'IE 330', 'ABE 459', 'BIOE 415', 'ECE 457', 'ECE 464', 'ECE 486', 'PHYS 496', 'MSE 488', 'CEE 401', 'ECE 401', 'ECE 468', 'ECE 495', 'BIOE 476', 'PHYS 330', 'CEE 412', 'CEE 405', 'ECE 422', 'CS 410', 'ECE 417', 'MATH 403', 'CEE 468', 'CEE 420', 'CHEM 444', 'CHBE 422', 'NPRE 461', 'CHBE 457', 'SE 497', 'MATH 425', 'ECE 424', 'BIOE 482', 'IE 311', 'ECE 467', 'MATH 473', 'MSE 420', 'IE 445', 'CEE 467', 'CS 438', 'NPRE 498', 'PHYS 406', 'ASRM 472', 'MATH 357', 'ASRM 410', 'ECE 412', 'CEE 410', 'ECE 490', 'CHBE 472', 'IE 340', 'ECE 463', 'CEE 415', 'CS 420', 'SE 402', 'PHYS 460', 'CEE 406', 'CEE 465', 'ECE 432', 'PHYS 486', 'CHEM 483', 'CEE 350', 'MATH 432', 'MATH 444', 'ECE 414', 'CEE 469', 'CS 447', 'CS 374', 'STAT 443', 'MSE 403', 'ECE 420', 'CEE 447', 'CSE 401', 'CHBE 471', 'ECE 428', 'ECE 462', 'SE 413', 'ME 330', 'SE 423', 'SE 412', 'CHEM 445', 'CEE 422', 'MSE 460', 'NPRE 435', 'NPRE 431', 'CHBE 474', 'CS 225', 'ABE 476', 'MATH 427', 'ECE 452', 'CS 446', 'ECE 478', 'PHYS 485', 'ECE 385', 'MSE 453', 'STAT 448', 'MSE 401', 'ECE 435', 'CEE 491', 'CEE 470', 'ABE 430', 'CSE 451', 'CEE 409', 'AE 498', 'STAT 420', 'MATH 417', 'ECE 459', 'MATH 414', 'BIOC 446', 'ASRM 461', 'CEE 442', 'MATH 418', 'ABE 488', 'PHYS 402', 'SE 411', 'MSE 441', 'PHYS 470', 'CEE 443', 'CEE 360', 'MCB 450', 'ECE 448', 'ECE 491', 'MATH 442', 'BIOC 440', 'ECE 472', 'MATH 428', 'ME 470', 'CSE 450', 'MATH 450', 'CS 233', 'MATH 490', 'ECE 465', 'MCB 402', 'CS 433', 'SE 420', 'MATH 489', 'MSE 450', 'NPRE 448', 'ME 200', 'CEE 437', 'CHEM 332', 'CHEM 315', 'SE 422', 'MSE 474', 'AE 461', 'MATH 412', 'ECE 411', 'BIOP 432', 'CEE 453', 'IE 411', 'CS 450', 'PHYS 436', 'CHEM 447', 'CS 431', 'MSE 473', 'MSE 498', 'ECE 441', 'ECE 380', 'ECE 458', 'MSE 456', 'CS 436', 'NPRE 475', 'CS 418', 'IE 430', 'ECE 431', 'CEE 463', 'ECE 408', 'ECE 415', 'CHEM 472', 'ECE 489', 'MATH 423', 'ME 371', 'MSE 445', 'CEE 451', 'IE 413', 'CS 424', 'CHBE 456', 'MCB 493', 'CHBE 476', 'CS 483', 'CHEM 437', 'NPRE 451', 'MATH 424', 'ABE 456', 'MSE 406', 'CS 481', 'CEE 424', 'MSE 470', 'CS 463', 'ASRM 469', 'CEE 450', 'CS 467', 'CS 425', 'ABE 497', 'CSE 461', 'ECE 469', 'CS 466', 'CS 457', 'ECE 416', 'CS 476', 'ECE 473', 'PHYS 466', 'CEE 471', 'ECE 492', 'CHEM 312', 'CS 473', 'CEE 398', 'NPRE 441', 'NPRE 447', 'NPRE 442', 'CEE 458', 'MATH 482', 'ECE 481', 'IE 431', 'MSE 307', 'CEE 484', 'ECE 451', 'ABE 469', 'CS 475', 'CS 421', 'PHYS 497', 'IE 310', 'MATH 484', 'ECE 340', 'CHEM 233', 'ECE 439', 'ECE 460', 'MSE 454', 'MCB 401', 'CEE 418', 'STAT 424', 'ABE 474', 'STAT 410', 'CSE 412', 'CEE 411', 'MATH 447', 'CHEM 450', 'ECE 425', 'MSE 308', 'CS 477', 'TMGT 461', 'MCB 404', 'IE 420', 'CHBE 452', 'BIOE 479', 'ECE 205', 'CHEM 451', 'ECE 485', 'MSE 421', 'CHEM 438', 'CS 241', 'PHYS 498', 'CS 422', 'ECE 470', 'CEE 460', 'ME 360', 'PHYS 403', 'MSE 457', 'ECE 487', 'ECE 493', 'AE 482', 'ME 310', 'IE 410', 'NPRE 457', 'ABE 445', 'CEE 310', 'SE 450', 'ECON 302', 'MATH 453', 'CS 440', 'ME 370', 'CEE 497', 'CHBE 451', 'CS 414', 'CHEM 236', 'NPRE 412', 'MSE 485', 'PHYS 401', 'STAT 429', 'CHEM 488', 'STAT 425', 'CHBE 453', 'ECE 343', 'STAT 409', 'MSE 487', 'MSE 440', 'CEE 416', 'MATH 487', 'ECE 419', 'CEE 434', 'CHEM 232', 'AE 460', 'CS 484', 'CEE 430', 'CEE 444', 'TMGT 460', 'CS 423', 'ECE 455', 'ECE 395', 'ECE 438', 'MSE 461', 'ECE 466', 'IE 498', 'ME 340', 'ABE 483', 'MATH 448', 'CHEM 442', 'BIOC 406', 'CEE 472', 'MATH 481', 'CHEM 460', 'CEE 483', 'CHEM 436', 'ASRM 471', 'ECE 488', 'IE 412', 'CHBE 424', 'MSE 422', 'IE 497']"
Biological Engineering,"['ABE 483', 'BIOE 416', 'MCB 253', 'ABE 463', 'NRES 419', 'FSHN 101', 'MSE 401', 'CEE 484', 'CEE 446', 'NRES 219', 'CEE 461', 'CEE 458', 'CPSC 352', 'FSHN 471', 'ECON 103', 'IB 444', 'MCB 300', 'IB 439', 'MCB 101', 'ME 403', 'NRES 487', 'GEOL 380', 'ABE 476', 'HORT 361', 'IB 150', 'NRES 420', 'ABE 459', 'CEE 360', 'CEE 330', 'CEE 442', 'MSE 280', 'MCB 245', 'IE 431', 'ME 320', 'ME 330', 'ECE 470', 'ABE 446', 'MCB 450', 'ECE 206', 'SE 423', 'NRES 488', 'ABE 454', 'CS 466', 'CHBE 472', 'IB 411', 'MCB 252', 'NPRE 475', 'CEE 449', 'CEE 457', 'CEE 463', 'ME 340', 'SE 320', 'CHBE 471', 'ABE 341', 'IB 335', 'MCB 251', 'MCB 100', 'ME 402', 'MATH 285', 'CPSC 261', 'CPSC 437', 'CHBE 221', 'NPRE 470', 'MCB 244', 'HORT 344', 'ABE 457', 'CEE 447', 'CEE 483', 'MSE 474', 'ABE 361', 'CEE 430', 'NRES 351', 'CPSC 415', 'ABE 425', 'CHEM 232', 'CHBE 473', 'NRES 439', 'HORT 360', 'BIOE 474', 'CEE 451', 'CEE 440', 'ABE 225', 'CPSC 112', 'ECE 468', 'IB 203', 'CEE 432', 'CEE 437', '102', 'CHBE 422', 'CHBE 424', 'ME 370', 'IB 103', 'PHYS 212', 'ABE 226', 'MCB 301', 'ABE 474', 'CHBE 476', 'HORT 363', 'MSE 473', 'ACE  100', 'IB 486', 'BIOE 476', 'CEE 444', 'TAM 212', 'CEE 465', 'FSHN 414', 'ABE 466', 'CHBE 475', 'ECE 333', 'IB 151', 'CEE 434', 'CPSC 270', 'IB 452', 'ENG 471', 'GEOL 107', 'CPSC 418', 'MSE 489', 'ABE 455', 'HORT 100', 'CEE 380', 'ME 483', 'HORT 362', 'ABE 456', 'ABE 482', 'PLPA 204', 'IB 329', 'NRES 475', 'MSE 470', 'PLPA 405', 'CEE 445', 'CEE 350', 'MCB 314', 'ABE 430', 'CPSC 473', 'CEE 470', 'CPSC 414', 'CPSC 431', 'NRES 348', 'CHBE 321', 'HORT 421', 'MCB 316', 'TAM 210', 'NRES 471', 'CEE 480', '211', 'ME 371', 'IB 485', 'FSHN 416', 'MCB 250', 'CPSC 265', 'IB 420', 'BIOE 467', 'NPRE 201', 'ECE 205', 'CEE 300', 'CHBE 478', 'CEE 443', 'ME 461', 'BIOE 461', 'HORT 341', 'PLPA 407', 'ABE 436', 'MCB 150', 'PHYS 213', 'CEE 452', 'CEE 450', 'NRES 201', 'ABE 469', 'HORT 435', 'IB 482', 'ECE 481', 'MATH 225', 'FSHN 461', 'NRES 429', 'ABE 488', 'CEE 453', 'ME 400', 'ABE 458']"
"Electrical Engineering, BS","['CHBE 430', 'MCB 403', 'ECE 411', 'NPRE 429', 'ECE 495', 'MCB 402', 'MCB 401', 'ATMS 305', 'CS 414', 'CS 465', 'ECE 419', 'ECE 496', 'CS 450', 'GEOL 432', 'ECE 446', 'ME 420', 'NPRE 457', 'ASTR 406', 'NPRE 441', 'MCB 426', 'CS 447', 'MCB 430', 'PHYS 460', 'CS 411', 'CHBE 440', 'ECE 469', 'ECE 486', 'ECE 461', 'ME 411', 'ECE 411', 'ECE 391', 'ECE 438', 'ECE 402', 'ECE 396', 'NPRE 431', 'MATH 481', 'MATH 450', 'CS 433', 'ECE 374', 'GEOL 333', 'ATMS 405', 'ECE 470', 'CHEM 105', 'ECE 495', 'SE 411', 'ATMS 421', 'ECE 470', 'ECE 380', 'CS 445', 'ME 445', 'NPRE 412', 'ECE 467', 'ECE 432', 'GEOL 107', 'ECE 447', 'IB 463', 'BIOE 480', 'ME 400', 'STAT 440', 'ECE 493', 'IB 481', 'ASTR 330', 'IB 462', 'GEOL 450', 'GEOL 452', 'BIOE 414', 'ECE 443', 'IB 426', 'CHBE 421', 'ECE 329', 'PHYS 401', 'CS 242', 'ECE 398', 'CS 412', 'CS 418', 'IE 413', 'ME 340', 'ECE 476', 'CHBE 472', 'NPRE 475', 'CS 101', 'SE 420', 'ECE 452', 'MUS 407', 'ECE 459', 'IB 452', 'MATH 482', 'PHYS 466', 'MATH 357', 'MATH 475', 'MUS 409', 'IB 486', 'ECE 453', 'CS 428', 'ECE 439', 'ECE 408', 'SHS 200', 'ECE 443', 'ECE 462', 'ECE 385', 'IB 405', 'IB 302', 'BIOC 440', 'IB 420', 'ME 451', 'ECE 491', 'IB 348', 'NPRE 435', 'GEOL 436', 'CHBE 422', 'ME 440', 'TAM 211', 'MCB 316', 'IB 467', 'LING 300', 'BIOE 415', 'IB 483', 'ECE 451', 'PHYS 427', 'ME 200', 'CEE 491', 'ECE 464', 'ECE 466', 'ECE 458', 'CS 481', 'ECE 210', 'ECE 466', 'ECE 395', 'PHYS 403', 'ECE 468', 'ECE 350', 'MCB 400', 'CS 467', 'ECE 499', 'ECE 437', 'ECE 422', 'ECE 488', 'IB 204', 'IB 482', 'MATH 414', 'CHBE 424', 'STAT 428', 'IB 203', 'ECE 481', 'IB 401', 'IE 410', 'ATMS 449', 'ASTR 405', 'GEOL 460', 'ECE 415', 'CHBE 451', 'TAM 445', 'ECE 485', 'GEOL 411', 'NPRE 442', 'ECE 297', 'CEE 408', 'ECE 314', 'ECE 482', 'IB 444', 'ME 485', 'ENG 491', 'LING 407', 'ECE 454', 'ECE 365', 'MCB 424', 'IB 468', 'PHYS 225', 'ATMS 404', 'NPRE 247', 'NPRE 402', 'MCB 253', 'MCB 446', 'MCB 150', 'SHS 240', 'ECE 311', 'MATH 453', 'ECE 420', 'ECE 314', 'ASTR 350', 'MATH 447', 'IB 421', 'ATMS 304', 'CEE 416', 'ECE 428', 'MCB 433', 'CS 419', 'ECE 490', 'CS 484', 'ECE 313', 'ECE 304', 'BIOC 446', 'STAT 429', 'IB 431', 'CEE 410', 'ECE 402', 'BIOE 201', 'ECE 446', 'IE 412', 'ECE 486', 'MCB 480', 'CHBE 221', 'CS 425', 'ME 371', 'ATMS 447', 'ME 431', 'NPRE 458', 'ECE 343', 'ECE 438', 'MCB 408', 'PHYS 402', 'MATH 448', 'ECE 489', 'MATH 286', 'ME 310', 'IB 461', 'MATH 428', 'ECE 456', 'CS 446', 'IB 471', 'GEOL 208', 'ECE 448', 'MATH 415', 'CHBE 431', 'CS 476', 'MATH 424', 'CS 427', 'SE 423', 'CHBE 471', 'ATMS 303', 'ECE 420', 'MATH 487', 'ECE 457', 'CEE 447', 'ECE 444', 'ECE 418', 'ME 404', 'ME 330', 'ECE 431', 'IE 431', 'IB 440', 'LING 427', 'ECE 460', 'ECE 481', 'ECE 311', 'ATMS 411', 'ECE 441', 'IE 360', 'ECE 343', 'NPRE 455', 'PHYS 325', 'ECE 463', 'CEE 330', 'IB 451', 'SHS 470', 'ECE 478', 'ME 450', 'CS 436', 'ECE 437', 'MATH 417', 'ECE 397', 'NPRE 451', 'IE 420', 'CS 429', 'MATH 473', 'MCB 419', 'ECE 455', 'SHS 301', 'ME 452', 'ECE 492', 'ECE 498', 'ATMS 425', 'ME 320', 'NPRE 470', 'ME 461', 'ASTR 210', 'ECE 415', 'ASTR 310', 'CHBE 321', 'ECE 417', 'ATMS 406', 'MATH 403', 'NPRE 446', 'ECE 465', 'CS 477', 'MATH 427', 'MCB 421', 'ASTR 404', 'IE 411', 'PHYS 487', 'TAM 335', 'MCB 406', 'CEE 310', 'GEOL 440', 'NPRE 423', 'MATH 432', 'ECE 489', 'MCB 252', 'MCB 354', 'CEE 430', 'STAT 424', 'ECE 310', 'MCB 314', 'IE 400', 'CHBE 474', 'ECE 403', 'ME 412', 'CHEM 104', 'ECE 330', 'IB 443', 'BIOC 406', 'CS 413', 'ECE 431', 'ECE 340', 'PHYS 326', 'NPRE 447', 'TAM 412', 'IB 473', 'ME 402', 'ECE 483', 'CS 436', 'BIOE 461', 'MCB 413', 'CS 466', 'ECE 480', 'CS 473', 'CS 460', 'MATH 489', 'ECE 340', 'MATH 442', 'ECE 444', 'ATMS 301', 'CS 420', 'CS 438', 'GEOL 380', 'ECE 333', 'ECE 435', 'CHBE 453', 'NEUR 453', 'STAT 420', 'PHYS 485', 'ME 403', 'NPRE 432', 'MATH 446', 'ME 401', 'CHBE 473', 'SHS 300', 'IB 335', 'NPRE 448', 'IB 150', 'CS 225', 'CHBE 457', 'ECE 425', 'CS 421', 'IB 368', 'MATH 444', 'BIOE 202', 'IB 453', 'CS 439', 'CS 424', 'BIOE 302', 'PHYS 419', 'ECE 416', 'IE 330', 'LING 406', 'CS 463', 'ME 370', 'IE 361', 'ECE 487', 'ECE 447', 'IB 432', 'CS 173', 'CS 357', 'IB 202', 'ASTR 414', 'ECE 445', 'MATH 484', 'GEOL 417', 'ATMS 410', 'ME 460', 'NPRE 444', 'MATH 412', 'ME 487', 'TAM 251', 'IE 430', 'MATH 402', 'CS 410', 'CS 398', 'ME 472', 'IB 472', 'MATH 347', 'MATH 348', 'ECE 445', 'MATH 423', 'ECE 472', 'PHYS 214', 'NPRE 421', 'PHYS 406', 'MATH 413', 'ECE 391', 'MATH 425', 'CS 426', 'MCB 300', 'MCB 251', 'ECE 456', 'PHYS 213', 'ECE 473', 'ECE 414', 'MCB 250', 'BIOE 476', 'ECE 469', 'ECE 451', 'MATH 416', 'ECE 463', 'CS 422', 'TAM 435', 'CS 498', 'MSE 280', 'CS 423', 'ECE 307', 'TAM 212', 'PHYS 470', 'MATH 213', 'CHBE 452', 'ECE 424', 'CHBE 456', 'SE 424', 'ME 430', 'ASTR 450', 'MCB 431', 'IB 485', 'ECE 439', 'BIOE 467', 'ECE 342', 'TAM 451', 'ECE 453', 'MCB 301', 'TAM 324', 'MCB 404', 'ECE 468', 'ECE 329', 'MATH 418', 'ECE 460', 'ME 410', 'CS 461', 'IB 427', 'IE 310', 'ECE 412', 'IB 464', 'ATMS 420', 'PHYS 486', 'ME 471', 'MCB 435', 'CS 440', 'ATMS 302', 'CS 431', 'PHYS 420', 'SHS 320', 'NPRE 201', 'SHS 450', 'ECE 365', 'CS 475', 'MCB 410', 'BIOC 455', 'ECE 395']"
"Civil Engineering, BS","['CEE 460', 'IE 410', 'CEE 457', 'STAT 429', 'CEE 405', 'CEE 408', 'GEOL 333', 'CEE 461', 'CEE 340', 'CEE 380', 'CEE 417', 'STAT 420', 'ECE 205', 'CEE 446', 'CEE 449', 'CEE 350', 'SE 450', 'CEE 424', 'STAT 400', 'CEE 330', 'CEE 443', 'CEE 300', 'CHEM 332', 'CS 357', 'CEE 457', 'CEE 465', 'CEE 340', 'CEE 406', 'MCB 431', 'CEE 417', 'CEE 407', 'CEE 408', 'ENG 471', 'CEE 444', 'GEOL 107', 'CHEM 420', 'TAM 335', 'ENVS 480', 'CEE 450', 'CEE 330', 'CEE 407', 'CEE 460', 'CEE 483', 'CEE 411', 'CEE 300', 'CEE 450', 'CEE 360', 'CEE 330', 'CEE 446', 'CEE 498', 'NPRE 442', 'CEE 350', 'CEE 433', 'CEE 408', 'CEE 310', 'CEE 465', 'CEE 449', 'CEE 380', 'CEE 350', 'CEE 437', 'CEE 437', 'TAM 427', 'CEE 420', 'CEE 380', 'ABE 436', 'CEE 491', 'CEE 438', 'ME 340', 'ME 200', 'CEE 417', 'GEOL 401', 'MCB 450', 'CEE 434', 'ESE 482', 'CEE 433', 'PHYS 213', 'CEE 453', 'CEE 421', 'CEE 380', 'CEE 330', 'CEE 380', 'CHEM 440', 'STAT 430', 'CS 357', 'CEE 380', 'CEE 498', 'CEE 440', 'CEE 330', 'UP 466', 'GEOL 470', 'CEE 460', 'CEE 446', 'TAM 428', 'MCB 300', 'CEE 415', 'CEE 320', 'GEOL 107', 'CEE 449', 'NPRE 442', 'CEE 447', 'CEE 447', 'CEE 433', 'CEE 409', 'CEE 421', 'CEE 420', 'FIN 221', 'CEE 452', 'CEE 450', 'CEE 406', 'CHEM 222', 'GEOL 118', 'CEE 310', 'CEE 412', 'CEE 320', 'CEE 461', 'CEE 452', 'CEE 417', 'STAT 420', 'ESE 140', 'CEE 434', 'CEE 408', 'CEE 416', 'CEE 350', 'CEE 330', 'CEE 409', 'CEE 380', 'ME 200', 'MSE 406', 'CEE 463', 'CEE 447', 'CEE 420', 'NPRE 475', 'CEE 409', 'CHEM 232', 'CEE 406', 'CEE 461', 'CEE 422', 'CEE 401', 'CEE 453', 'CEE 409', 'STAT 425', 'CEE 438', 'CEE 320', 'CEE 409', 'CEE 461', 'UP 438', 'UP 406', 'ENG 471', 'CEE 434', 'CEE 498', 'CEE 453', 'ME 400', 'CEE 424', 'NRES 439', 'CEE 405', 'CEE 434', 'CEE 300', 'CEE 460', 'CEE 437', 'CEE 498', 'CEE 432', 'CEE 360', 'ACE 451', 'CEE 340', 'GEOL 107', 'CEE 310', 'CEE 460', 'CEE 444', 'CEE 415', 'CEE 416', 'CEE 350', 'UP 480', 'CEE 422', 'CEE 452', 'ME 200', 'GEOL 107', 'STAT 430', 'GEOL 107', 'CEE 469', 'CEE 470', 'CEE 409', 'CEE 493', 'CEE 457', 'CEE 480', 'CHEM 232', 'CEE 452', 'NPRE 402', 'CEE 320', 'CEE 491', 'CEE 442', 'CEE 360', 'CEE 484', 'CEE 360', 'ATMS 120', 'CEE 330', 'CEE 498', 'CEE 401', 'CEE 320', 'CEE 446', 'CEE 406', 'CEE 498', 'CEE 458', 'TAM 251', 'ESE 140', 'STAT 420', 'CEE 360', 'CEE 442', 'GEOL 440', 'FIN 230', 'MCB 450', 'CHBE 321', 'CEE 408', 'CEE 484', 'CHEM 315', 'CEE 310', 'CEE 418', 'CEE 421', 'CEE 417', 'CEE 491', 'CHEM 222', 'ME 200', 'CEE 411', 'MCB 301', 'CEE 445', 'CEE 415', 'CEE 202', 'CEE 405', 'NPRE 402', 'MATH 225', 'CEE 461', 'CEE 453', 'CEE 453', 'SE 320', 'CEE 350', 'CS 357', 'CEE 406', 'CEE 407', 'CEE 408', 'CEE 437', 'CHBE 421', 'CEE 491', 'CEE 483', 'CEE 360', 'CEE 300', 'CEE 330', 'CEE 418', 'CEE 451', 'NRES 287', 'CEE 418', 'CEE 460', 'CEE 330', 'CEE 465', 'CEE 410', 'CEE 310', 'CEE 432', 'CEE 330', 'CEE 453', 'MSE 489', 'CEE 493', 'CEE 452', 'CEE 461', 'CEE 498', 'CEE 340', 'ATMS 411', 'GEOL 380', 'CEE 330', 'CEE 406', 'CEE 407', 'STAT 429', 'UP 205', 'UP 466', 'CEE 340', 'NPRE 201', 'CEE 405', 'CEE 330', 'ESE 320', 'CEE 465', 'CEE 406', 'CEE 480', 'CEE 401', 'CEE 457', 'ME 200', 'CEE 416', 'STAT 420', 'CHBE 422', 'ATMS 410', 'STAT 425', 'GEOL 107', 'MSE 450', 'CEE 401', 'CEE 451', 'CEE 434', 'CEE 421', 'CEE 401', 'ECON 420', 'IE 410', 'ECE 205', 'CEE 424', 'CEE 438', 'CEE 461', 'CEE 407', 'CEE 310', 'CEE 320', 'CEE 452', 'SE 400', 'CS 357', 'CEE 320', 'CEE 380', 'CEE 417', 'ABE 436', 'MATH 285', 'CEE 360', 'CEE 469', 'CEE 340', 'ESE 482', 'CEE 445', 'CEE 418', 'CEE 444', 'ENSU 300', 'CEE 450', 'CEE 418', 'CEE 320', 'MSE 201', 'CEE 452', 'CEE 410', 'BTW 261', 'CEE 449', 'CEE 411', 'CEE 310', 'CEE 446', 'CEE 416', 'CHBE 321', 'MSE 420', 'CEE 424', 'ME 400', 'ARCH 441', 'CEE 330', 'CHEM 332', 'CEE 445', 'CEE 300', 'CEE 350', 'CEE 498', 'UP 480', 'CS 357', 'CEE 410', 'CEE 449', 'CEE 437', 'CEE 380', 'UP 438', 'CEE 408', 'CEE 300', 'CEE 430', 'CEE 350', 'CEE 380', 'MSE 489', 'GEOL 118', 'CEE 416', 'CEE 440', 'CEE 416', 'CEE 458', 'CEE 458', 'CEE 483', 'CEE 422', 'CEE 424', 'CEE 437', 'CEE 416', 'CEE 437', 'CEE 493', 'CEE 330', 'CEE 300', 'CEE 483', 'GEOG 103', 'GEOL 107', 'CEE 472', 'STAT 420', 'ENVS 431', 'MSE 402', 'CEE 480', 'CEE 460', 'CEE 401', 'CEE 380', 'ME 200', 'ATMS 421', 'CEE 407', 'CEE 424', 'CEE 412', 'CEE 458', 'CHBE 424', 'CHEM 232', 'CEE 434', 'CEE 310', 'CEE 450', 'CEE 434', 'CEE 406', 'TAM 212', 'CEE 449', 'CEE 405', 'CEE 421', 'CEE 360', 'CEE 415', 'CEE 340', 'CEE 350', 'CEE 495', 'CEE 380', 'CEE 300', 'CEE 453', 'CEE 440', 'CEE 300', 'CEE 406', 'CEE 416', 'CEE 320', 'CEE 443', 'GEOL 411', 'CEE 472', 'CEE 445', 'CEE 437', 'LAW 301', 'CEE 461', 'CEE 437', 'ATMS 421', 'CEE 460', 'CEE 401', 'CPSC 116', 'CEE 433', 'CEE 457', 'CEE 406', 'CEE 453', 'CEE 405', 'CEE 350', 'CEE 350', 'ESE 320', 'CEE 330', 'ARCH 441', 'CEE 447', 'CEE 417', 'MSE 401', 'MSE 401', 'CEE 457', 'CEE 453', 'CEE 300', 'SE 450', 'CEE 465', 'SE 320', 'CEE 320', 'CEE 449', 'NPRE 475', 'ME 430', 'CEE 360', 'CEE 430', 'CEE 410', 'ABE 436', 'CEE 445', 'ATMS 302', 'NPRE 201', 'CEE 493', 'CEE 411', 'CEE 440', 'CEE 330', 'ABE 436', 'MSE 401', 'CEE 350', 'CEE 300', 'CEE 465', 'CEE 418']"
"Engineering Physics, BS","['PHYS 404', 'MSE 406', 'PHYS 403', 'ATMS 201', 'TE 333', 'PHYS 485', 'MATH 285', 'PHYS 404', 'PHYS 404', 'MSE 403', 'ECE 210', 'ATMS 314', 'MCB 450', 'CHEM 232', 'CS 450', 'PHYS 404', 'MSE 405', 'IE 420', 'NPRE 446', 'ECE 444', 'NPRE 441', 'CMN 211', 'PHYS 214', 'CHEM 233', 'ECE 205', 'NPRE 470', 'NRES 210', '486', 'ECE 330', 'PHYS 487', 'ECE 385', 'MATH 415', 'MSE 280', 'PHYS 402', 'ECE 465', 'LAW 301', 'TE 360', 'NPRE 412', 'CS 225', 'CS 420', 'PHYS 435', 'PHYS 436', 'PS 225', 'CHEM 104', 'CS 173', 'CS 418', 'PHYS 470', 'ESE 320', 'PS 273', 'ECE 455', 'CHEM 105', 'NPRE 402', 'PHYS 402', 'ECE 120', 'TE 100', 'ATMS 405', 'TE 466', 'MSE 401', 'ENG 471', 'JOUR 200', 'MATH 461', 'PHYS 326', 'PHYS 401', 'PHYS 298', 'MSE 304', 'PHYS 436', 'NPRE 402', 'PHYS 498', 'MATH 481', 'MATH 450', 'PHYS 498', 'MATH 463', 'PHYS 325', 'SE 400', 'NPRE 435', 'MSE 206', 'NPRE 475', 'TE 450', 'PHYS 213', 'CS 357', 'NPRE 480', 'ECE 333', 'SE 400', 'BIOP 401', 'ECE 310', 'ECE 110', 'TE 461', 'ENG 471', 'ATMS 302', 'ECE 110', 'PHYS 427', 'MSE 402', 'MATH 415', 'PHYS 460', 'ECE 460']"
"Materials Science & Engineering, BS","['ECE 457', 'MCB 442', 'CEE 434', 'ECE 437', 'CHBE 474', 'ECE 439', 'ABE 226', 'ECE 467', 'MCB 450', 'PHYS 213', 'PHYS 466', 'BIOE 461', 'NPRE 432', 'ECE 211', 'ECE 408', 'ECE 432', 'NPRE 448', 'MCB 465', 'CEE 462', 'MSE 404', 'CHEM 222', 'ECE 476', 'CEE 451', 'MCB 408', 'BIOE 476', 'SE 311', 'ME 472', 'MSE 481', 'ECE 486', 'ECE 488', 'CSE 461', 'ME 340', 'TAM 451', 'TAM 451', 'CSE 427', 'MSE 499', 'CS 433', 'MSE 457', 'MSE 455', 'IE 412', 'ABE 425', 'CHEM 436', 'TAM 456', 'CS 457', 'CEE 461', 'CHEM 317', 'BIOE 380', 'ECE 482', 'ECE 458', 'ECE 395', 'TAM 427', 'MSE 441', 'IE 430', 'ECE 463', 'ABE 482', 'CHEM 450', 'ECE 495', 'MSE 453', 'CEE 453', 'CEE 442', 'CEE 447', 'ME 487', 'MCB 401', 'CSE 429', 'ECE 462', 'ABE 224', 'CHEM 480', 'CS 210', 'SE 420', 'ME 451', 'SE 411', 'SE 423', 'CSE 441', 'ME 371', 'ECE 470', 'CS 447', 'MCB 354', 'ECE 456', 'MSE 484', 'CHEM 460', 'MATH 446', 'MATH 489', 'ME 403', 'CHBE 471', 'TAM 461', 'MSE 473', 'ME 461', 'ABE 459', 'MCB 426', 'CEE 350', 'CS 461', 'MSE 395', 'MCB 433', 'CS 422', 'MSE 480', 'CS 419', 'BIOP 401', 'ABE 361', 'CS 440', 'CEE 468', 'ME 483', 'ECE 487', 'SE 402', 'CEE 412', 'ME 450', 'MCB 400', 'PHYS 403', 'CEE 310', 'ECE 342', 'MCB 413', 'CHBE 457', 'CEE 407', 'ME 411', 'CEE 409', 'MSE 470', 'MSE 422', 'ABE 482', 'MCB 432', 'CEE 330', 'ECE 478', 'ECE 343', 'CEE 443', 'BIOE 414', 'CHEM 236', 'CEE 460', 'CEE 380', 'CHEM 436', 'ECE 310', 'TAM 456', 'CSE 450', 'CS 476', 'TAM 335', 'MATH 464', 'MCB 301', 'ECE 311', 'CS 427', 'MATH 475', 'ME 270', 'BIOC 446', 'CSE 451', 'CS 412', 'ABE 476', 'MSE 485', 'MSE 455', 'SE 101', 'BIOP 401', 'CS 463', 'ECE 464', 'ECE 453', 'MCB 406', 'ECE 473', 'MSE 474', 'ECE 491', 'NPRE 441', 'TAM 435', 'ABE 223', 'PHYS 486', 'CS 411', 'CS 473', 'ECE 206', 'CS 173', 'ECE 452', 'NPRE 402', 'PHYS 406', 'NPRE 470', 'MSE 440', 'MSE 480', 'MSE 421', 'ME 170', 'MCB 252', 'AE 468', 'MATH 416', 'NPRE 455', 'BIOE 420', 'MSE 488', 'CHBE 422', 'ECE 350', 'ECE 466', 'ECE 435', 'CHBE 475', 'PHYS 487', 'CEE 491', 'AE 451', 'ME 485', 'ECE 446', 'CHEM 483', 'AE 461', 'CHEM 445', 'PHYS 401', 'BIOE 415', 'ECE 489', 'CEE 410', 'CSE 426', 'MCB 419', 'MATH 453', 'BIOE 482', 'BIOE 201', 'CS 446', 'ECE 485', 'MCB 244', 'ME 431', 'MCB 462', 'CSE 485', 'BIOP 432', 'PHYS 486', 'ME 412', 'MSE 206', 'ECE 425', 'CHBE 452', 'ECE 210', 'ECE 493', 'MCB 421', 'SE 410', 'CS 233', 'ECE 481', 'TAM 428', 'BIOE 481', 'MCB 247', 'CHBE 478', 'CS 424', 'MCB 246', 'PHYS 435', 'CS 418', 'CS 466', 'ECE 416', 'CHEM 482', 'ECE 455', 'CS 426', 'CS 439', 'CHBE 431', 'CEE 452', 'TAM 302', 'CSE 422', 'NPRE 461', 'MSE 440', 'CEE 408', 'AE 483', 'ME 455', 'BIOE 205', 'PHYS 330', 'ECE 415', 'TE 461', 'CEE 467', 'ECE 480', 'CHBE 421', 'ECE 492', 'MSE 458', 'IE 361', 'MSE 487', 'ABE 474', 'ABE 469', 'ECE 307', 'NPRE 431', 'PHYS 485', 'CEE 437', 'ME 481', 'NPRE 435', 'ME 472', 'MSE 422', 'MSE 395', 'ECE 329', 'SE 422', 'ECE 459', 'PHYS 329', 'MATH 213', 'CEE 401', 'CS 450', 'CHBE 473', 'ME 440', 'CHEM 451', 'SE 424', 'ABE 456', 'CHBE 472', 'ECE 441', 'CS 482', 'IE 410', 'CHEM 233', 'CHEM 472', 'CS 423', 'ECE 333', 'BIOE 416', 'MSE 485', 'CHBE 476', 'CS 225', 'MCB 251', 'ECE 420', 'MSE 484', 'MSE 489', 'IE 413', 'CS 465', 'MCB 150', 'MATH 442', 'NPRE 421', 'ABE 430', 'PHYS 470', 'CSE 402', 'CSE 423', 'CSE 414', 'NPRE 447', 'CEE 463', 'BIOE 480', 'ABE 225', 'CHBE 457', 'SE 310', 'TAM 412', 'IE 340', 'ABE 466', 'MATH 484', 'CEE 483', 'ME 400', 'MATH 461', 'TAM 413', 'ME 431', 'IE 431', 'MCB 461', 'SE 320', 'MATH 481', 'MATH 348', 'CEE 449', 'ECE 419', 'NPRE 446', 'CEE 465', 'CEE 430', 'MCB 429', 'BIOE 306', 'ECE 205', 'BTW 261', 'CS 436', 'MATH 448', 'CS 241', 'ECE 431', 'MCB 245', 'CEE 411', 'CHBE 430', 'PHYS 420', 'MCB 320', 'CHEM 312', 'MATH 482', 'MCB 403', 'TAM 427', 'ME 446', 'MCB 316', 'MSE 489', 'ECE 445', 'CEE 444', 'CHEM 442', 'ECE 441', 'MCB 314', 'CSE 401', 'ECE 412', 'MCB 404', 'CHEM 447', 'CS 429', 'PHYS 475', 'MATH 423', 'CEE 472', 'ECE 401', 'ECE 451', 'MATH 347', 'IE 431', 'MSE 461', 'BIOE 360', 'SE 412', 'ECE 487', 'BIOE 479', 'MATH 444', 'CHEM 223', 'CS 420', 'ECE 424', 'MCB 151', 'BIOE 467', 'BIOE 430', 'ECE 385', 'NPRE 423', 'ME 450', 'IE 360', 'ME 471', 'IE 445', 'MSE 466', 'BIOE 202', 'CEE 457', 'MATH 417', 'SE 361', 'AE 454', 'CEE 469', 'MCB 317', 'CEE 484', 'CS 242', 'CS 357', 'PHYS 225', 'ECE 444', 'CS 421', 'CS 414', 'ECE 411', 'CEE 450', 'CEE 405', 'CEE 440', 'MSE 481', 'MSE 457', 'CHBE 221', 'PHYS 436', 'CS 374', 'ECE 402', 'ECE 304', 'CEE 360', 'MATH 432', 'CHEM 232', 'CEE 471', 'CHEM 488', 'ECE 460', 'ECE 428', 'CHEM 360', 'CEE 446', 'MATH 413', 'ECE 391', 'SE 312', 'CEE 320', 'MATH 487', 'ME 420', 'MSE 443', 'ECE 414', 'MATH 285', 'ECE 490', 'MSE 453', 'NPRE 475', 'CEE 470', 'SE 412', 'MSE 461', 'MCB 471', 'ECE 417', 'MSE 445', 'CS 477', 'CEE 432', 'CEE 460', 'ABE 483', 'CEE 445', 'ME 445', 'ME 310', 'MSE 450', 'CHEM 332', 'MATH 473', 'MATH 412', 'MATH 418', 'CHBE 456', 'CS 483', 'CS 475', 'MSE 456', 'MSE 460', 'CHEM 315', 'SE 413', 'CS 484', 'ME 320', 'BIOE 487', 'MSE 458', 'MSE 445', 'ABE 436', 'PHYS 326', 'ECE 495', 'ABE 482', 'ECE 481', 'ECE 468', 'MSE 454', 'SE 450', 'BIOE 303', 'CS 428', 'ECE 422', 'ECE 438', 'MATH 450', 'ECE 488', 'CHBE 440', 'TAM 470', 'CS 410', 'ME 410', 'IE 411', 'CHEM 440', 'ME 401', 'MCB 480', 'CHEM 420', 'CS 431', 'MATH 402', 'MCB 430', 'MCB 458', 'NPRE 429', 'MCB 446', 'ABE 454', 'ME 482', 'MSE 456', 'MCB 402', 'CEE 401', 'MSE 396', 'ECE 380', 'CEE 406', 'MCB 215', 'PHYS 402', 'ABE 463', 'ME 452', 'MSE 466', 'SE 400', 'ME 460', 'ABE 341', 'NPRE 201', 'MATH 357', 'MSE 488', 'IE 400', 'ECE 485', 'MATH 414', 'MCB 424', 'NPRE 241', 'MSE 420', 'NPRE 412', 'CS 438', 'PHYS 419', 'TSM 233', 'CHEM 438', 'TAM 445', 'ABE 488', 'ECE 447', 'PHYS 485', 'CHBE 451', 'BIOC 455', 'AE 482', 'ECE 483', 'MCB 410', 'ECE 443', 'NPRE 247', 'ECE 461', 'PHYS 487', 'CS 460', 'MCB 428', 'ECE 330', 'MATH 447', 'BIOE 302', 'ABE 458', 'ECE 448', 'ECE 340', 'ABE 455', 'CS 467', 'ECE 469', 'CEE 480', 'BIOP 419', 'MSE 403', 'MSE 460', 'MSE 404', 'MCB 253', 'IE 420', 'TAM 212', 'ECE 418', 'MSE 487', 'CHEM 437', 'NPRE 442', 'AE 460', 'MSE 421', 'MCB 431', 'ECE 472', 'MATH 403', 'NPRE 470', 'ECE 443', 'CS 425', 'TAM 252', 'IE 330', 'MCB 300', 'MCB 250', 'CS 413', 'CS 481', 'MCB 435', 'ME 402', 'ABE 446', 'ME 487', 'NPRE 451', 'ECE 454', 'ECE 465', 'CHEM 237', 'MCB 270', 'ECE 403', 'MSE 403', 'TAM 424', 'PHYS 214', 'SE 261', 'ECE 444', 'ME 351', 'ABE 457', 'ME 360', 'MSE 443', 'CHBE 424', 'ME 370', 'PHYS 325']"
"Systems Engineering & Design, BS","['BTW 250', 'BADM 320', 'GEOG 205', 'ACCY 200', 'ECE 486', 'ECON 302', 'CS 225', 'CS 410', 'BTW 261', 'SE 411', 'ADV 150', 'BADM 353', 'ME 330', 'ACCY 201', 'ECE 473', 'ECE 414', 'SE 400', 'CEE 380', 'BADM 323', 'MATH 444', 'SE 400', 'CEE 461', 'ACCY 200', 'CEE 437', 'IE 361', 'IE 340/PSYC 358', 'CHEM 233', 'MCB 403', 'BADM 312', 'TAM 251', 'ECE 464', 'ECE 431', 'CEE 462', 'BADM 420', 'KIN 355', 'MCB 401', 'CEE 300', 'MCB 150', 'CEE 421', 'CS 173', 'IE 410', 'CEE 465', 'CEE 442', 'SE 422', 'TAM 445', 'MATH 464', 'CS 440', 'ME 471', 'TAM 416', 'BADM 380', 'BTW 261', 'ECE 470/AE 482/ME 445', 'CS 225', 'ME 471/AE 420/CSE 451', 'IE 420', 'SE 400', 'SE 400', 'SE 400', 'FIN 221', 'SE 400', 'SE 320', 'CS 438', 'SE 494', 'BADM 311', 'IE 300', 'TAM 451', 'ME 451', 'CHEM 232', 'PS 321', 'SE 400', 'IE 445', 'CS 425', 'TAM 302', 'SE 400', 'CEE 463', 'IE 310', 'ME 330', 'CEE 460', 'BADM 446', 'MCB 251', 'BADM 325', 'ECE 385', 'CEE 440', 'ACCY 202', 'ME 351', 'ME 452', 'ACCY 201', 'ECE 470', 'ME 270', 'ECE 415', 'SE 312', 'MCB 150', 'NRES 419', 'CS 233', 'TAM 424', 'ME 460', 'CS 225', 'CEE 330', 'CEE 300', 'ECE 470', 'IE 420', 'CEE 300', 'SE 400', 'TAM 412', 'BADM 313', 'MCB 251', 'ACCY 202', 'IE 360', 'BTW 261', 'BADM 445', 'MCB 250', 'REHB 402', 'SE 400', 'TAM 212', 'SE 400', 'CS 241', 'SE 423', 'MCB 250', 'ME 471', 'ME 461', 'MCB 450', 'BADM 327', 'ECE 120', 'FIN 221', 'PHYS 213', 'CEE 420', 'CS 440', 'BADM 322', 'ADV 150', 'CEE 320', 'CEE 461', 'NPRE 241', 'SE 400', 'TAM 456', 'CEE 460', 'BADM 320', 'ECE 415', 'ME 351', 'ADV 150', 'ECE 490', 'TAM 335', 'BADM 375', 'ME 351', 'BIOE 120', 'BADM 310', 'SE 423', 'ACCY 202', 'ACE 310', 'BADM 382', 'BADM 310', 'SE 400', 'CS 173', 'MCB 402', 'MATH 461', 'SE 420', 'SE 410', 'CEE 443', 'SE 310', 'TAM 435', 'SE 311', 'ECE 486', 'CS 225', 'ECE 414', 'BIOE 414', 'CEE 380', 'ME 360', 'IE 361', 'BTW 250', 'SE 423', 'PSYC 245', 'BTW 250', 'CEE 444', 'BIOP 401', 'CEE 310', 'ME 461', 'MATH 415', 'FIN 300', 'BADM 352', 'SE 423', 'TAM 412', 'IE 340/PSYC 358', 'CS 225', 'SE 400', 'SE 411', 'SE 412', 'ME 451', 'TAM 428', 'MATH 285', 'BADM 310', 'NRES 472', 'SE 290', 'MCB 404', 'BADM 381', 'SE 413', 'IE 330', 'BIOE 498', 'SE 400', 'IB 105', 'SE 494', 'SE 424', 'CHEM 232', 'CEE 446', 'BIOE 415', 'ENVS 336', 'CS 125', 'CS 225', 'SE 423', 'BADM 312', 'SE 411', 'SE 402', 'ME 400', 'CS 446', 'SE 400', 'CS 446', 'ACCY 201', 'TAM 456', 'ECE 211', 'BADM 380', 'REHB 401', 'CEE 465', 'CS 411', 'ECE 490', 'CEE 445', 'CEE 422', 'MATH 464', 'BADM 311', 'ENVS 431', 'ACCY 200', 'ME 403', 'MATH 461']"
"Nuclear, Plasma, & Radiological Engineering, BS","['TAM 212', 'PHYS 436', 'MCB 403', 'ECE 330', 'CEE 444', 'MATH 285', 'BIOE 120', 'MCB 450', 'NPRE 498', 'TAM 335', 'ECE 380', 'ECE 444', 'CEE 446', 'MCB 402', 'MCB 403', 'TAM 252', 'PHYS 460', 'CHBE 472', 'ECE 480', 'BIOE 415', 'MCB 404', 'STAT 400', 'NPRE 455', 'ME  310', 'NPRE 441', 'TAM 335', 'MCB 401', 'PHYS 435', 'CHEM 104', 'ECE 329', 'ECE 206', 'MCB 150', 'NPRE 448', 'MCB 403', 'NPRE 435', 'BIOP 401', 'CEE 443', 'ME 310', 'NPRE 481', 'MATH 415', 'ME 200', 'NPRE 398', 'ECE 310', 'NPRE 451', 'NPRE 429', 'TAM 456', 'NPRE 481', 'MCB 151', 'MSE 304', 'CHEM 232', 'CHEM 232', 'NPRE 201', 'ME 411', 'CS 450', 'NPRE 431', 'ME 400', 'ECE 329', 'NPRE 201', 'NPRE 470', 'ME 410', 'CEE 330', 'MCB 252', 'CHEM 104', 'TAM 451', 'NPRE 199', 'MSE 460', 'CHEM 105', 'TAM 424', 'BIOP 401', 'TAM 335', 'ME 420', 'ECE 441', 'MSE 403', 'NPRE 421', 'NPRE 199', 'NPRE 423', 'ME 471', 'ECE 340', 'MCB 401', 'NPRE 447', 'PHYS 214', 'NPRE 247', 'NPRE 461', 'CHBE 472', 'IB 151', 'NPRE 461', 'CEE 437', 'BIOE 120', 'NPRE 446', 'CEE 201', 'NPRE 421', 'CHEM 105', 'NPRE 398', 'BIOE 414', 'BIOE 120', 'ME 404', 'BIOE 414', 'MATH 415', 'TAM 435', 'CS 357', 'NPRE 458', 'CHEM 233', 'ME 402', 'TAM 251', 'MSE 461', 'ME 320', 'NPRE 498', 'STAT 400', 'BIOE 415', 'IB 150', 'CEE 447', 'STAT 400', 'ME 310', 'CHEM 232', 'ECE 476', 'MCB 250', 'ECE 486', 'CEE 445', 'ECE 205', 'TAM 445', 'NPRE 444', 'NPRE 421']"
Agricultural Engineering,"['MCB 245', 'CHBE 422', 'ABE 361', 'ABE 463', 'IB 482', 'CHBE 424', 'ME 483', 'HORT 344', 'CEE 480', 'CPSC 431', 'IE  300', 'TAM 210', 'FSHN 416', 'IB 203', 'CEE 430', 'ME 461', 'CHEM 232', 'CEE 350', 'HORT 341', 'BIOE 476', 'NRES 420', 'CPSC 261', 'TAM 335', 'NRES 487', 'CEE 483', 'CEE 449', 'CHEM 360', 'CHBE  421', 'NPRE 201', 'ABE 341', 'HORT 421', 'ABE 457', 'FSHN 101', 'CHBE 475', 'ANSC 406', 'MCB 252', 'MCB 244', 'CHBE 476', '102', 'CEE 465', 'CEE 442', 'HORT 363', 'CEE 443', 'PHYS 213', 'NRES 488', 'CEE 444', 'NRES 475', '211', 'CPSC 415', 'PLPA 407', 'MSE 280', 'ME 403', 'ME 200', 'CEE 360', 'NRES 439', 'CPSC 437', 'CHBE 221', 'ABE 456', 'FSHN 414', 'CHEM 312', 'MATH 225', 'ABE  440', 'CPSC 473', 'IB 150', 'ECE 468', 'CEE 434', 'HORT 435', 'IB 329', 'MCB 253', 'ABE 454', 'MCB 151', 'IB 452', 'PLPA 204', 'MSE 401', 'ABE 474', 'ABE 226', 'ABE 458', 'HORT 100', 'ECE 206', 'ME 402', 'IB 420', 'ATMS 201', 'MSE 470', 'ME 400', 'ABE 476', 'MSE 489', 'MSE 473', 'ECON 103', 'ATMS 307', 'IB 103', 'ME 320', 'ME  310', 'NRES 348', 'IB 485', 'SE 320', 'ENG 471', 'CHBE 473', 'CPSC 112', 'IB 335', 'CEE 432', 'FSHN 471', 'CHEM 233', 'CEE 330', 'ABE 483', 'CEE 440', 'CEE 450', 'MCB 150', 'CPSC 414', 'SE 423', 'ECE 481', 'PLPA 405', 'CPSC 270', 'CS 101', 'CHBE 472', 'CEE 300', 'NPRE 475', 'CEE 451', 'HORT 360', 'GEOL 107', 'ABE 459', 'MCB 301', 'CEE 453', 'ABE 482', 'ACE  100', 'HORT 362', 'MCB 100', 'CEE 457', 'ABE 469', 'NRES 351', 'CEE 202', 'ABE 430', 'FSHN 461', 'MCB 314', 'NPRE 470', 'CEE 484', 'BIOE 461', 'MCB 300', 'ME 370', 'ME 330', 'MCB 101', 'CS 466', 'ABE 436', 'IB 439', 'ABE 466', 'MATH 285', 'CEE 463', 'NRES 429', 'CEE 447', 'TAM 251', 'ECE 205', 'ME 371', 'CEE 446', 'CEE 445', 'CPSC 352', 'BIOE 474', 'MCB 250', 'NRES 219', 'MSE 474', 'IB 151', 'ME 340', 'CEE 452', 'ABE 446', 'CEE 380', 'IE 431', 'HORT 361', 'MCB 251', 'CEE 437', 'NRES 471', 'IB 444', 'CPSC 418', 'ECE 470', 'ABE 225', 'IB 411', 'ABE 455', 'ECE 333', 'STAT  400', 'ABE 488', 'CEE 461', 'GEOL 380', 'NRES 419', 'ABE 425', 'CHEM 460', 'NRES 201', 'CHBE 478', 'ANSC 404', 'CEE 458', 'MCB 450', 'BIOE 467', 'BIOE 416', 'ANSC 450', 'CHBE 471', 'MCB 316', 'CEE 470', 'IB 486', 'CHEM 332', 'CPSC 265', 'TAM 212']"
"Computer Engineering, BS","['CS 422', 'MCB 300', 'PHYS 325', 'CS 414', 'MATH 447', 'CS 398', 'ECE 467', 'MATH 444', 'CS 425', 'CS 476', 'ME 371', 'ECE 483', 'ECE 424', 'CS 425', 'MCB 435', 'MCB 410', 'MCB 421', 'TAM 451', 'CS 173', 'IE 431', 'ECE 416', 'CEE 410', 'ECE 419', 'MATH 417', 'ECE 491', 'CEE 447', 'ME 401', 'TAM 445', 'CS 498', 'IB 302', 'MCB 403', 'PHYS 466', 'ECE 307', 'ME 340', 'LING 406', 'ECE 480', 'MATH 450', 'MCB 401', 'CS 242', 'CS 461', 'CS 412', 'BIOE 476', 'IB 472', 'NPRE 412', 'CS 445', 'MSE 280', 'BIOE 302', 'CHBE 421', 'MCB 419', 'ECE 498', 'ECE 465', 'ATMS 302', 'ECE 459', 'IB 432', 'ECE 314', 'STAT 420', 'ME 472', 'MATH 475', 'PHYS 487', 'ME 440', 'ME 370', 'ECE 438', 'CHBE 474', 'CS 477', 'ECE 464', 'NEUR 453', 'ECE 343', 'GEOL 208', 'PHYS 406', 'CHBE 451', 'IB 202', 'ME 402', 'CS 466', 'ME 431', 'ENG 491', 'IB 473', 'ECE 498', 'STAT 428', 'ME 400', 'PHYS 427', 'GEOL 411', 'MCB 252', 'ECE 458', 'MCB 150', 'MATH 432', 'IB 482', 'CS 357', 'IB 471', 'CS 418', 'ECE 463', 'ECE 462', 'CS 450', 'IB 485', 'ECE 374', 'CS 436', 'MCB 314', 'CS 465', 'CS 431', 'NPRE 201', 'ECE 466', 'NPRE 444', 'ECE 448', 'STAT 429', 'TAM 324', 'CS 419', 'MATH 482', 'SE 411', 'ECE 403', 'CS 225', 'NPRE 475', 'CS 424', 'IB 368', 'CS 446', 'CEE 330', 'ECE 411', 'MATH 423', 'IB 462', 'GEOL 333', 'ECE 488', 'CS 481', 'CHEM 105', 'ECE 333', 'ECE 398', 'SE 424', 'ME 412', 'CS 436', 'CS 438', 'NPRE 442', 'CS 467', 'ECE 456', 'NPRE 421', 'ECE 310', 'ECE 445', 'CS 410', 'ATMS 411', 'TAM 435', 'CHBE 221', 'ECE 411', 'ECE 380', 'MATH 453', 'PHYS 401', 'MCB 413', 'MATH 425', 'ECE 408', 'SHS 240', 'MCB 406', 'ME 310', 'ME 471', 'CS 426', 'ME 487', 'ECE 455', 'MCB 408', 'MCB 402', 'IB 453', 'ATMS 425', 'IB 401', 'ECE 437', 'ME 320', 'ECE 385', 'GEOL 417', 'MATH 427', 'ECE 454', 'CHBE 472', 'CS 433', 'MUS 409', 'TAM 335', 'ECE 444', 'ECE 304', 'IB 335', 'MATH 213', 'IE 361', 'ECE 496', 'ATMS 410', 'ASTR 404', 'BIOE 201', 'CS 484', 'ECE 210', 'ECE 424', 'BIOC 446', 'ECE 485', 'MATH 428', 'ECE 402', 'CS 421', 'IB 451', 'ECE 481', 'PHYS 486', 'ECE 412', 'IE 411', 'ECE 418', 'ME 410', 'CS 426', 'TAM 412', 'NPRE 451', 'IB 463', 'ECE 342', 'ECE 374', 'ATMS 421', 'ASTR 330', 'ECE 425', 'ECE 432', 'ASTR 405', 'MATH 448', 'ECE 457', 'MCB 480', 'ME 452', 'MCB 354', 'NPRE 446', 'ATMS 406', 'IE 400', 'CS 439', 'IB 405', 'ECE 486', 'CS 440', 'NPRE 435', 'ME 403', 'ME 420', 'ECE 445', 'CS 225', 'LING 427', 'ECE 391', 'ECE 489', 'MATH 286', 'CS 447', 'MCB 301', 'ATMS 420', 'CS 460', 'ASTR 350', 'CHBE 456', 'CS 419', 'MATH 424', 'ECE 340', 'MCB 404', 'NPRE 457', 'ECE 492', 'IB 203', 'CS 440', 'ECE 453', 'GEOL 432', 'CHBE 452', 'MATH 481', 'NPRE 455', 'MATH 414', 'MCB 253', 'ME 430', 'CS 411', 'ATMS 301', 'MATH 413', 'LING 407', 'IB 204', 'ECE 435', 'NPRE 402', 'CHBE 424', 'BIOE 467', 'MCB 433', 'CHBE 453', 'ECE 411', 'ECE 452', 'ECE 396', 'GEOL 452', 'IE 360', 'IB 420', 'ASTR 406', 'IB 452', 'ECE 415', 'NPRE 470', 'MCB 400', 'ME 461', 'GEOL 107', 'CS 411', 'ECE 297', 'PHYS 214', 'ECE 487', 'MCB 446', 'BIOE 414', 'SE 423', 'MATH 403', 'ECE 419', 'ECE 461', 'ECE 310', 'PHYS 470', 'ECE 329', 'NPRE 431', 'CEE 430', 'ME 200', 'ECE 461', 'ECE 493', 'SHS 320', 'BIOE 461', 'CS 413', 'STAT 440', 'MCB 426', 'PHYS 403', 'GEOL 450', 'ECE 499', 'ASTR 450', 'IB 302', 'SHS 301', 'BIOC 440', 'LING 300', 'ECE 408', 'CS 475', 'ECE 435', 'ME 411', 'SHS 300', 'CS 463', 'ECE 490', 'ECE 460', 'IB 444', 'ECE 446', 'IB 481', 'MATH 473', 'CHEM 104', 'ECE 472', 'TAM 211', 'CS 431', 'NPRE 432', 'ATMS 303', 'NPRE 441', 'BIOE 415', 'IE 410', 'NPRE 458', 'ASTR 414', 'SHS 450', 'ECE 330', 'TAM 251', 'ECE 397', 'ECE 443', 'CS 475', 'ATMS 304', 'ME 451', 'ECE 469', 'ECE 496', 'MATH 348', 'CHBE 321', 'IB 431', 'ECE 482', 'NPRE 429', 'BIOC 406', 'ME 450', 'MATH 446', 'STAT 424', 'ATMS 447', 'ECE 473', 'GEOL 440', 'CS 438', 'ATMS 449', 'ATMS 404', 'ECE 417', 'ECE 350', 'ECE 313', 'IB 443', 'ECE 451', 'TAM 212', 'BIOE 202', 'CS 498', 'ME 460', 'ME 445', 'CS 423', 'ECE 330', 'ECE 468', 'CEE 408', 'IB 483', 'ECE 340', 'IE 412', 'CHBE 422', 'ECE 470', 'CS 418', 'CHBE 430', 'IB 348', 'MCB 250', 'ECE 412', 'MATH 347', 'IE 430', 'MATH 442', 'IB 426', 'IB 486', 'ECE 365', 'ECE 329', 'CS 476', 'PHYS 213', 'CS 461', 'ECE 491', 'MATH 402', 'ECE 492', 'ECE 422', 'ASTR 310', 'PHYS 485', 'MATH 484', 'ECE 478', 'SHS 470', 'CS 446', 'PHYS 420', 'ECE 395', 'ECE 486', 'MCB 430', 'CHBE 440', 'IE 310', 'IE 420', 'GEOL 380', 'MATH 416', 'CS 473', 'CHBE 431', 'MCB 424', 'NPRE 447', 'MATH 487', 'PHYS 326', 'MATH 415', 'IB 440', 'GEOL 436', 'IB 468', 'ME 404', 'CS 450', 'MUS 407', 'PHYS 402', 'PHYS 419', 'MATH 489', 'PHYS 460', 'ECE 422', 'ECE 391', 'IE 330', 'CS 483', 'CHBE 473', 'IB 150', 'ECE 420', 'CS 477', 'MATH 412', 'CS 421', 'MCB 251', 'IB 421', 'ECE 439', 'PHYS 225', 'CS 420', 'ECE 425', 'CS 414', 'IB 467', 'IB 464', 'ECE 476', 'ECE 470', 'CS 423', 'ECE 478', 'GEOL 460', 'SHS 200', 'CS 427', 'IB 427', 'ME 330', 'MATH 357', 'BIOE 480', 'ME 485', 'MATH 418', 'CEE 416', 'CEE 310', 'ECE 441', 'CS 420', 'ECE 439', 'CEE 491', 'MCB 431', 'ECE 495', 'NPRE 448', 'SE 420', 'NPRE 423', 'BIOC 455', 'CS 424', 'CS 357', 'CS 498', 'ATMS 305', 'ECE 411', 'ECE 428', 'ECE 448', 'ATMS 405', 'CS 428', 'ECE 414', 'IB 461', 'ECE 428', 'CS 412', 'CS 101', 'NPRE 247', 'ECE 311', 'CHBE 471', 'ECE 438', 'ECE 462', 'ECE 447', 'IE 413', 'ECE 431', 'CS 429', 'MCB 316', 'CS 498', 'CHBE 457']"
Health Planning & Administration,"['SHS 121', 'SPED 117', 'PSYC 451', 'SOC 373', 'SOCW 315', 'SHS 170', 'LAW 199', 'HDFS 221', 'LLS 473', 'SOC 310', 'UP 260', 'SHS 270', 'IHLT 240', 'SPED 117', 'UP 438', 'REHB 402', 'INFO 202', 'HDFS 301', 'SOC 270', 'SOCW 300', 'SHS 121', 'SOCW 420', 'HDFS 120', 'SOC 270', 'SHS 222', 'EDPR 250', 'HDFS 262', 'SOCW 473', 'PS 220', 'REHB 402', 'HDFS 140', 'SOCW 360', 'PSYC 238', 'SHS 222', 'SHS 120', 'HDFS 208', 'SOCW 321', 'PSYC 239', 'HDFS 408', 'SPED 432', 'UP 423', 'LAW 301', 'SOCW 473', 'HDFS 424', 'HDFS 221', 'REHB 435', 'PSYC 210', 'GWS 366', 'SOC 310', 'ENG 315', 'CMN 462', 'CMN 464', 'SHS 270', 'SHS 221', 'SOCW 240', 'HDFS 140', 'SHS 271', 'SPED 438', 'SHS 170', 'PSYC 239', 'REHB 407', 'REHB 407', 'REHB 419', 'REHB 435', 'CMN 463', 'SHS 321', 'SPED 432', 'CMN 463', 'PSYC 465', 'HDFS 225', 'LAW 302', 'EDPR 250', 'HIST 483', 'UP 340', 'SOC 179', 'HDFS 420', 'IHLT 230', 'SPED 438', 'IHLT 230', 'SOC 162', 'SOC 274', 'PSYC 465', 'IHLT 232', 'HDFS 225', 'HDFS 426', 'IHLT 375', 'SOC 202', 'TSM 422', 'HIST 483', 'PSYC 216', 'CMN 467', 'SOC 179', 'LLS 473', 'PS 220', 'HDFS 424', 'PSYC 361', 'SHS 271', 'SOC 270', 'LAW 302', 'SOC 196', 'PSYC 451', 'CMN 435', 'REHB 419', 'CMN 465', 'HDFS 290', 'LAW 301', 'HDFS 408', 'SPED 322', 'SOC 473', 'SOC 202', 'UP 438', 'SHS 352', 'PSYC 238', 'SOCW 200', 'SOC 274', 'HDFS 208', 'IHLT 240', 'SOCW 360', 'SHS 321', 'PSYC 201', 'UP 340', 'SPED 322', 'SOC 478', 'LAW 199', 'HDFS 301', 'SHS 120', 'HDFS 261', 'PSYC 340', 'PSYC 210', 'SOC 275', 'SOC 162', 'SOCW 315', 'CMN 467', 'SOC 196', 'HDFS 290', 'HDFS 426', 'IHLT 375', 'SOC 270', 'SOCW 297', 'PSYC 201', 'ENG 315', 'IHLT 232', 'CMN 464', 'SHS 221', 'UP 423', 'HDFS 220', 'SOCW 300', 'PSYC 216', 'HDFS 261', 'SOC 473', 'HDFS 259', 'PSYC 455', 'CMN 465', 'HDFS 120', 'PSYC 361', 'TSM 422', 'SHS 352', 'HDFS 420', 'CMN 435', 'SOC 275', 'PSYC 455', 'SOC 478', 'GWS 366', 'SOCW 297', 'INFO 202', 'SOCW 420', 'SOCW 240', 'HDFS 262', 'SOCW 321', 'SOC 373', 'UP 260', 'SOCW 200', 'HDFS 259', 'CMN 462', 'PSYC 340', 'HDFS 220']"
"Instrumental Music, BMUS","['MUS 432', 'MUS 317', 'MUS 431']"
"Landscape Architecture, BLA","['GEOL 208', 'HORT 240', 'ARTH 350', 'LA 234', 'SOC 375', 'LA 336', 'HDFS 404', 'UP 260', 'LA 315', 'LA 250', 'LA 346', 'NRES 419', 'LA 452', 'LA 314', 'LA 242', 'HORT 344', 'LA 438', 'RST 140', 'LA 335', 'LA 437', 'NRES 471', 'NRES 201', 'LA 345', 'UP 101', 'ARTH 445', 'LA 342', 'HORT 301', 'LA 281', 'HORT 301', 'UP 116', 'UP 205', 'LA 343', 'NRES 474', 'UP 405', 'LA 427', 'HDFS 262', 'GEOL 401', 'ARTH 241']"
Health Education & Promotion,"['SHS 221', 'SHS 321', 'PSYC 455', 'SOCW 473', 'SPED 117', 'PSYC 361', 'IHLT 240', 'SOC 162', 'SPED 438', 'SOC 270', 'CMN 465', 'HDFS 225', 'CMN 462', 'PSYC 210', 'EDPR 250', 'SOC 275', 'SOCW 300', 'HIST 483', 'SOCW 200', 'INFO 202', 'HDFS 424', 'REHB 419', 'REHB 407', 'HDFS 220', 'HDFS 290', 'HDFS 301', 'REHB 402', 'CMN 463', 'PSYC 239', 'ENG 315', 'SOCW 420', 'SHS 121', 'CMN 467', 'SOC 270', 'HDFS 420', 'HDFS 426', 'SPED 322', 'CMN 464', 'UP 438', 'PSYC 216', 'PSYC 465', 'HDFS 261', 'SHS 270', 'SHS 352', 'CMN 435', 'SHS 271', 'LAW 302', 'LAW 301', 'PS 220', 'SHS 170', 'SOC 274', 'HDFS 259', 'UP 340', 'UP 260', 'SHS 120', 'HDFS 208', 'SOC 373', 'SOCW 240', 'GWS 366', 'IHLT 230', 'SOCW 360', 'SHS 222', 'SOCW 297', 'REHB 435', 'SOC 179', 'LLS 473', 'LAW 199', 'SOCW 315', 'PSYC 340', 'SOC 202', 'TSM 422', 'SOC 478', 'HDFS 221', 'IHLT 375', 'PSYC 238', 'SOC 196', 'PSYC 201', 'SOC 473', 'HDFS 408', 'HDFS 140', 'SOC 310', 'PSYC 451', 'IHLT 232', 'SPED 432', 'HDFS 262', 'SOCW 321', 'HDFS 120', 'UP 423']"
"History of Art, BALAS","['HIST/EALC 420', 'ITAL 406', 'HIST 310', 'HIST/GWS 285', 'HIST/MDVL/REL 345', 'LLS 473/ANTH 472', 'HIST/GWS/AFRO 287', 'HIST/GWS 286', 'HIST 259', 'ENGL 204', 'HIST/AAS/AFRO/LLS 281', 'ENGL 202', 'HIST 212', 'HIST 203', 'HIST/EALC 227', 'ENGL 211/AFST 210/CWL 210', 'HIST 370', 'LLS 465', 'HIST 272', 'HIST 357', 'PHIL 411', 'HIST 379', 'HIST 350', 'HIST 205', 'HIST/EALC 221', 'ENGL 213', 'HIST 202', 'HIST 274', 'HIST/EALC 226', 'HIST 462', 'HIST 270', 'HIST 347', 'ENGL 285', 'HIST/EALC 220', 'HIST 376', 'ENGL 207', 'ENGL 208', 'ENGL 273', 'LLS 460/AAS 400', 'HIST 476/LLS 475', 'ENGL 206', 'HIST/LLS 279', 'ENGL 224/LLS 240/SPAN 240', 'HIST 258', 'HIST 354', 'HIST 352', 'ENGL 255', 'ENGL 209', 'ENGL 210', 'HIST 360', 'HIST 375', 'HIST/GWS 459', 'HIST 349', 'HIST 211', 'HIST 374', 'PHIL 414', 'HIST 271', 'ENGL 253', 'HIST 200', 'HIST 373', 'LLS/ENGL 458', 'PHIL 412', 'HIST 425/CWL 478/EALC 476', 'HIST 380', 'HIST 260', 'LLS/ANTH 259']"
Technology,"['THEA 453', 'MUS 154', 'MUS 149', 'MUS 174', 'THEA 454', 'MUS 122', 'MUS 158', 'MUS 155', 'MUS 151', 'THEA 399', 'MUS 499', 'MUS 121', 'MUS 123', 'MUS 147', 'MUS 446', 'MUS 148', 'MUS 153', 'MUS 449', 'MUS 175']"
Integrative Biology Honors,"['MCB 450', 'IB 490']"
Farm Management,"['ACCY 201', 'ACE 161', 'ACE 341', 'CS 105', 'ECON 103', 'ACE 300', 'ACE 100', 'ACES 101']"
"Industrial Engineering, BS","['IE 411', 'STAT 420/ASRM 450', 'ME 452', 'TSM 422', 'ANTH 411', 'BADM 312', 'ECE 490', 'ME 482', 'CHLH 470', 'TAM 251', 'IE 413', 'TAM 212', 'BADM 310', 'IE 445', 'STAT 420/ASRM 450', 'IE 411', 'STAT 425', 'MATH 464', 'IE 300', 'STAT 426', 'STAT 410', 'IE 412', 'IE 310', 'STAT 424', 'KIN 355', 'IE 340', 'IE 330', 'IE 410', 'SE 290', 'STAT 410', 'ME 330', 'ECE 470', 'IE 361', 'SE 411', 'MATH 484', 'TSM 421', 'IE 400', 'SE 450', 'ARCH 423', 'ME 451', 'TAM 461', 'IE 360', 'SE 494', 'SE 494', 'PHYS 213', 'SE 411', 'IE 330', 'MATH 464', 'BADM 357', 'TSM 425', 'BIOE 461', 'STAT 424', 'MATH 415', 'IE 420', 'MATH 285', 'IE 412', 'IE 431', 'KIN 401', 'MATH 444', 'ME 481', 'IE 370', 'PSYC 245', 'IE 330', 'MATH 447']"
Child and Adolescent Development,"['PSYC 100', 'HDFS 290', 'HDFS 101', 'ACE 161', 'CHLH 100', 'HDFS 220', 'ACE 240', 'ACES 101', 'HDFS 120', 'HDFS 105', 'SOC 100', 'FSHN 120']"
Agricultural Communications - Journalism,"['ALEC 110', 'PSYC 100', 'ALEC 451', 'ACES 101']"
"Dance, BFA","['DANC 240', 'DANC 345', 'DANC 375', 'DANC 498', 'DANC 268', 'DANC 495', 'DANC 245', 'DANC 259', 'DANC 262', 'DANC 499']"
"Architectural Studies, BS","['ARCH 490', 'ARCH 321', 'ARCH 434', 'ARCH 372', 'ARCH 433', 'ARCH 474', 'ARCH 473', 'ARCH 433', 'ARCH 435', 'ARCH 321', 'ARCH 371', 'ARCH 435', 'ARCH 434', 'ARCH 474', 'ARCH 401', 'ARCH 473']"
Rehabilitation Studies,"['UP 423', 'SOC 274', 'PSYC 451', 'HDFS 140', 'SOC 310', 'REHB 435', 'UP 340', 'SOCW 473', 'SHS 121', 'PSYC 465', 'HDFS 221', 'CMN 462', 'SOC 373', 'LAW 302', 'SOC 275', 'PSYC 239', 'PSYC 210', 'SOCW 200', 'SHS 321', 'HDFS 290', 'GWS 366', 'HDFS 408', 'SOCW 420', 'HDFS 220', 'UP 438', 'HDFS 424', 'SOC 478', 'SOCW 321', 'LLS 473', 'HIST 483', 'PSYC 216', 'SHS 271', 'PSYC 238', 'SOC 270', 'SHS 221', 'PS 220', 'CMN 435', 'IHLT 232', 'PSYC 361', 'SOC 162', 'INFO 202', 'CMN 464', 'SOC 179', 'SOC 270', 'REHB 402', 'REHB 407', 'SOCW 240', 'CMN 463', 'ENG 315', 'HDFS 259', 'SPED 322', 'SPED 117', 'SPED 438', 'SOCW 360', 'PSYC 201', 'SOC 473', 'IHLT 230', 'SHS 120', 'SOCW 300', 'REHB 419', 'SOC 196', 'SOCW 315', 'HDFS 262', 'HDFS 420', 'SHS 222', 'SPED 432', 'HDFS 426', 'UP 260', 'LAW 199', 'HDFS 261', 'SHS 170', 'LAW 301', 'SHS 352', 'PSYC 340', 'IHLT 375', 'CMN 465', 'IHLT 240', 'TSM 422', 'HDFS 120', 'PSYC 455', 'SOC 202', 'HDFS 225', 'CMN 467', 'HDFS 208', 'HDFS 301', 'EDPR 250', 'SHS 270', 'SOCW 297']"
"Bioengineering, BS","['CHEM 232', 'BIOE 479', 'ECE 416', 'ECE 437', 'TMGT 461', 'BIOE 498', 'BIOE 205', 'TMGT 461', 'ECE 365', 'ECE 380', 'IE 370', 'ECE 210', 'BIOE 498', 'BIOE 202', 'MSE 480', 'SE 423', 'BIOE 498', 'BIOE 430', 'ECE 472', 'BIOE 476', 'BIOE 498', 'CS 440', 'BIOE 498', 'BIOE 360', 'MSE 474', 'BIOE 498', 'BIOE 415', 'ECE 311', 'ECE 310', 'CS 411', 'IE 330', 'MSE 473', 'CS 225', 'TMGT 461', 'MSE 470', 'BIOE 498', 'BIOE 498', 'MSE 450', 'BIOE 498', 'CHBE 472', 'CS 101', 'CHEM 442', 'ECE 418', 'MATH 285', 'CHBE 472', 'BIOE 498', 'CHBE 471', 'MSE 474', 'BIOE 414', 'BIOE 498', 'BIOE 498', 'SE 423', 'ECE 473', 'BIOE 435', 'CS 398', 'BIOE 498', 'CS 466', 'NPRE 498', 'ECE 480', 'BIOE 498', 'BIOE 302', 'CS 465', 'ME 487', 'ECE 417', 'MCB 450', 'ECE 329', 'MSE 404', 'ECE 490', 'MSE 470', 'BIOE 498', 'BIOE 498', 'BIOE 436', 'MSE 403', 'BIOE 461', 'ABE 446', 'ECE 460', 'NPRE 461', 'BIOE 310', 'BIOE 498', 'ECE 467', 'BIOE 498', 'ME 483', 'BIOE 487', 'BIOE 498', 'ECE 481', 'BIOE 460', 'BIOE 430', 'NPRE 498', 'CS 412', 'BIOE 420', 'BIOE 306', 'CS 101', 'BIOE 460', 'BIOE 498', 'BIOE 303', 'BIOE 416', 'ABE 440', 'BIOE 210', 'MSE 404', 'IE 310', 'BIOE 430', 'TMGT 461']"
"Chemical Engineering, BS","['CHBE 431', 'CHBE 440', 'CHBE 430', 'CHBE 431', 'CHBE 430', 'CHBE 440']"
"Science, Pre-Veterinary & Medical","['ANSC 103', 'ACE 100', 'ACES 101', 'ANSC 498', 'CHEM 104', 'ANSC 222', 'ANSC 221', 'ANSC 224', 'ANSC 223', 'ANSC 101', 'MCB 100', 'ANSC 298', 'ECON 102', 'ANSC 398', 'ANSC 100']"
"Computer Science, BS","['CS 527', 'CS 574', 'CS 440', 'CS 519', 'CS 526', 'IB 150', 'CS 414', 'CS 498', 'FSHN 120', 'CS 563', 'CS 466', 'CS 473', 'CS 374', 'CS 555', 'CS 572', 'CPSC 270', 'CS 423', 'CS 575', 'GEOL 143', 'CS 523', 'CS 419', 'GEOL 117', 'CS 419', 'CS 475', 'CS 447', 'CS 528', 'CS 519', 'CS 439', 'CS 450', 'CS 431', 'GEOL 118', 'CS 424', 'CS 482', 'CS 414', 'CS 423', 'SHS 280', 'CS 484', 'CS 481', 'CS 484', 'CS 445', 'PLPA 204', 'CS 477', 'CS 576', 'CS 461', 'CS 467', 'CS 411', 'CS 426', 'CS 446', 'CS 511', 'CS 598', 'CS 541', 'CS 556', 'GEOL 208', 'CS 533', 'CS 536', 'CS 598', 'CS 498', 'MCB 244', 'CS 523', 'CS 465', 'CS 538', 'CS 468', 'CS 498', 'CS 584', 'CS 410', 'SHS 240', 'CS 483', 'CS 598', 'CS 468', 'CS 525', 'CS 563', 'CS 573', 'PSYC 224', 'CS 558', 'CS 233', 'CS 482', 'CS 583', 'IB 104', 'CS 463', 'FSHN 101', 'CS 498', 'ECE 470', 'PHYS 212', 'CS 431', 'CS 418', 'CS 483', 'CS 498', 'CS 433', 'CS 413', 'CS 476', 'CS 361', 'CS 512', 'CS 463', 'IB 103', 'CS 466', 'CS 461', 'CS 598', 'CS 546', 'CS 457', 'CS 465', 'CS 241', 'CS 438', 'CS 436', 'CS 598', 'KIN 150', 'CS 460', 'CS 543', 'CS 544', 'CS 484', 'PSYC 248', 'NRES 100', 'CS 565', 'DANC 345', 'GEOL 111', 'CS 579', 'NPRE 247', 'NRES 102', 'CS 571', 'CS 524', 'CS 526', 'CS 425', 'CS 565', 'CS 554', 'CS 498', 'CS 510', 'CS 357', 'MATH 415', 'CS 210', 'GEOL 107', 'CS 467', 'CS 467', 'CS 584', 'CS 460', 'CS 445', 'CS 412', 'MCB 150', 'CS 576', 'PSYC 204', 'CS 548', 'CS 498', 'CS 424', 'CS 421', 'CS 576']"
"Special Education, BS","['EDPR 250', 'SPED 317', 'SPED 446', 'SPED 444', 'SPED 438', 'SPED 441', 'CI 431', 'SPED 470', 'EDPR 420', 'SPED 448', 'SPED 431', 'SPED 426', 'EDUC 201', 'SPED 424', 'EDPR 420', 'SHS 320', 'SPED 440', 'SPED 461', 'CI 475', 'SPED 447', 'EDPR 420', 'SPED 471']"
"Engineering Mechanics, BS","['CEE 360', 'CEE 460', 'TAM 427', 'TAM 251', 'TAM 499', 'TAM 435', 'MATH 448', 'ME 290', 'TAM 499', 'MATH 447', 'CEE 451', 'AE 402', 'AE 353', 'ECE 473', 'MATH 423', 'ECE 205', 'STAT 410', 'ECE 473', 'MATH 482', 'MATH 484', 'TAM 270', 'TAM 335', 'MATH 489', 'ECE 330', 'MSE 489', 'TAM 424', 'PHYS 402', 'TAM 451', 'ECE 473', 'TAM 445', 'CS 357', 'NPRE 431', 'TAM 412', 'PHYS 402', 'STAT 400', 'CEE 461', 'MATH 442', 'TAM 456', 'MATH 490', 'ME 360', 'CEE 445', 'TAM 499', 'TAM 212', 'TAM 324', 'MATH 415', 'TAM 499', 'ECE 473', 'CS 357', 'TAM 499', 'CEE 310', 'TAM 428', 'ME 470', 'MATH 441', 'TAM 424', 'ECE 329', 'TAM 252', 'CEE 491', 'MATH 446', 'PHYS 213', 'PHYS 214', 'ECE 206', 'ME 410', 'AE 412', 'TAM 470', 'ME 412', 'MSE 401', 'CEE 453', 'ME 200']"
Ecosystem Stewardship & Restoration Ecology,"['ACES 101', 'NRES 456', 'NRES 201', 'NRES 325', 'ACE 100', 'NRES 348', 'NRES 421', 'NRES 219', 'NRES 454', 'ECON 102', 'NRES 287', 'NRES 285', 'NRES 102', 'IB 103', 'CHEM 104', 'CHEM 102']"
Crops,['ACES 101']
"Policy, International Trade & Development","['ECON 103', 'ACES 101', 'CS 105', 'ACE 341', 'ACE 300', 'ACE 100', 'ACCY 201', 'ACE 161']"
"Computer Science + Crop Sciences, BS","['CS 225', 'CS 374', 'CPSC 440', 'CPSC 395', 'CPSC 102', 'CS 173', 'CPSC 112', 'CS 125', 'CS 361', 'MATH 231', 'CPSC 393', 'MATH 220', 'CPSC 498', 'MATH 225', 'CS 421', 'CS 126', 'MATH 221']"
"Elementary Education, BS","['CI 405', 'FAA 202', 'CI 406', 'EDPR 250', 'CI 432', 'CI 475', 'CI 415', 'CI 451', 'EPSY 201', 'CI 430', 'CI 448', 'CI 450', 'SPED 405', 'CI 407', 'CI 452', 'EDPR 432', 'EDUC 201', 'CI 467', 'CI 476']"
"Jazz Performance, BMUS","['MUS 361', 'MUS 435', 'MUS 364', 'MUS 369', 'MUS 362', 'MUS 360', 'MUS 365', 'MUS 363', 'MUS 368', 'MUS 436']"
Finance in Agribusiness,"['CS 105', 'ACE 300', 'ACCY 201', 'ACE 161', 'ACES 101', 'ECON 103', 'ACE 100', 'ACE 341']"
Environmental Economics & Policy,"['ECON 103', 'ACE 100', 'ACE 341', 'ACE 161', 'CS 105', 'ACE 300', 'ACCY 201', 'ACES 101']"
Environmental Science & Management,"['CHEM 102', 'NRES 219', 'NRES 421', 'NRES 287', 'NRES 454', 'CHEM 104', 'ACE 100', 'ECON 102', 'NRES 348', 'NRES 102', 'NRES 325', 'NRES 285', 'NRES 201', 'NRES 456', 'ACES 101', 'IB 103']"
"Music - Voice, BMUS","['MUS 121', 'MUS 430', 'MUS 475', 'MUS 474', 'MUS 122', 'MUS 123']"
"Integrative Biology, BSLAS",['IB 302']
Public Policy & Law,"['ACE 161', 'ACE 300', 'ECON 103', 'CS 105', 'ACCY 201', 'ACES 101', 'ACE 341', 'ACE 100']"
Public Policy & Democratic Institution,"['PS 379', 'PS 385', 'PS 457', 'PS 395', 'PS 494']"
Human Dimensions of the Environment,"['NRES 456', 'ECON 102', 'NRES 287', 'ACE 100', 'IB 103', 'CHEM 104', 'NRES 285', 'NRES 454', 'ACES 101', 'NRES 421', 'NRES 102', 'NRES 201', 'NRES 348', 'CHEM 102', 'NRES 325', 'NRES 219']"
Agricultural Education,"['ALEC 110', 'ALEC 451', 'ACES 101', 'PSYC 100']"
Human Nutrition,"['MCB 101', 'MCB 100', 'ACES 101']"
"Early Childhood Education, BS","['EPSY 401', 'CI 466', 'SPED 450', 'ART 201', 'CI 443', 'SPED 465', 'CI 421', 'EDPR 420', 'EPSY 201', 'CI 415', 'CI 420', 'CI 445', 'EDPR 432', 'SPED 414', 'CI 465', 'HDFS 301', 'CI 422', 'EDUC 201', 'CI 424', 'MUS 345']"
Food Animal Production & Management,"['MCB 100', 'ANSC 221', 'ANSC 398', 'ANSC 298', 'ANSC 498', 'CHEM 104', 'ACES 101', 'ANSC 101', 'ANSC 222', 'ACE 100', 'ANSC 224', 'ANSC 223', 'ANSC 100', 'ECON 102', 'ANSC 103']"
Physics Teaching,"['GEOL 107', 'IB 100', 'ASTR 210']"
"Computer Science + Advertising, BS","['ADV 284', 'ADV 390', 'ADV 461', 'ADV 283', 'ADV 492', 'ADV 281', 'ADV 460', 'ADV 150', 'ADV 483']"
Hospitality Management,"['LEAD 320', 'MCB 100', 'ACES 101', 'LEAD 321', 'FSHN 443', 'PSYC 245', 'MCB 101']"
"Computer Science + Philosophy, BSLAS","['PHIL 454', 'PHIL 499']"
"Technical Systems Management, BS","['ACE 100', 'ACE 161', 'ECON 103', 'TSM 430', 'NRES 201', 'TSM 100', 'ACES 101', 'ACCY 201', 'CPSC 112', 'ACCY 200']"
Arts & Entertainment Technology,"['PHYS 212', 'THEA 497', 'PHYS 193', 'THEA 422', 'THEA 435', 'THEA 461', 'RST 465', 'THEA 492', 'THEA 498', 'THEA 430', 'PHYS 102', 'RST 460', 'THEA 437', 'PHYS 211', 'THEA 494', 'THEA 424', 'THEA 429']"
Family Studies,"['ACE 161', 'SOC 100', 'HDFS 290', 'ACES 101', 'CHLH 100', 'HDFS 120', 'ACE 240', 'HDFS 105', 'HDFS 101', 'FSHN 120', 'PSYC 100', 'HDFS 220']"
Agribusiness Markets & Management,"['CS 105', 'ACE 100', 'ACE 161', 'ACCY 201', 'ACES 101', 'ACE 300', 'ECON 103', 'ACE 341']"
Agri-Accounting,"['ACE 341', 'ACES 101', 'ACE 161', 'ECON 103', 'ACE 300', 'ACCY 201', 'ACE 100', 'CS 105']"
International Relations,"['PS 399', 'PS 494', 'PS 398', 'PS 480', 'PS 457']"
"Computer Science + Economics, BSLAS",['ECON 302']
Choral Music,"['THEA 454', 'THEA 453', 'MUS 449', 'THEA 399', 'MUS 499']"
Biological Sciences,['ACES 101']
Archaeology,"['ANTH 454', 'ANTH 455']"
Dietetics,"['FSHN 345', 'FSHN 426', 'MCB 100', 'MCB 101', 'FSHN 450', 'ACES 101', 'FSHN 420', 'FSHN 427', 'FSHN 322', 'FSHN 340', 'FSHN 428', 'FSHN 329', 'FSHN 429']"
"Metropolitan Food & Environmental Systems, BS","['MFST 498', 'MFST 301', 'MFST 397', 'MFST 401']"
"Fish, Wildlife & Conservation Biology","['NRES 201', 'ACE 100', 'NRES 421', 'NRES 287', 'NRES 348', 'ACES 101', 'NRES 325', 'ECON 102', 'NRES 456', 'NRES 285', 'IB 103', 'NRES 102', 'CHEM 104', 'CHEM 102', 'NRES 454', 'NRES 219']"
Organizational & Community Leadership,"['ALEC 110', 'PSYC 100', 'ALEC 451', 'ACES 101']"
Food Science,"['MCB 101', 'FSHN 483', 'FSHN 482', 'FSHN 484', 'MCB 100', 'ANSC 350', 'ACES 101', 'MCB 450']"
Agricultural Science Education,"['ACE 100', 'PSYC 100', 'CPSC 112', 'AGED 421', 'AGED 100', 'ACES 101', 'AGED 220']"
World Politics,"['PS 385', 'PS 397', 'PS 456', 'PS 494', 'PS 457']"
Biomolecular Engineering,"['CHBE 431', 'CHBE 430', 'CHBE 440', 'CHBE 431', 'CHBE 440', 'CHBE 430']"
Companion Animal & Equine Science,"['ANSC 498', 'ANSC 223', 'MCB 100', 'ACE 100', 'ACES 101', 'ANSC 224', 'ANSC 100', 'CHEM 104', 'ANSC 298', 'ANSC 398', 'ANSC 103', 'ANSC 221', 'ANSC 222', 'ECON 102', 'ANSC 101']"
Agricultural Communications - Advertising,"['PSYC 100', 'ACES 101', 'ALEC 451', 'ALEC 110']"
"Kinesiology, BS","['KIN 150', 'KIN 352', 'KIN 259', 'KIN 201', 'KIN 140', 'KIN 125', 'KIN 355', 'KIN 340']"
Instrumental Music,"['THEA 453', 'THEA 454', 'MUS 449', 'MUS 499', 'THEA 399']"
Recreation Management,"['RST 370', 'RST 410', 'RST 460', 'RST 429', 'RST 465']"
"Brain & Cognitive Science, BSLAS",['BCOG 458']
Physical Geography,"['PHYS 211', 'MATH 221', 'PHYS 101']"
Crop Agribusiness,['ACES 101']
Financial Planning,"['ACE 341', 'ACES 101', 'CS 105', 'ECON 103', 'ACCY 201', 'ACE 161', 'ACE 100', 'ACE 300']"
"Latina/Latino Studies, BALAS","['LLS 490', 'LLS 495']"
Citizen Politics,"['PS 411', 'PS 456', 'PS 358', 'PS 494']"
Plant Protection,['ACES 101']
Tourism Management,"['RST 370', 'RST 429', 'RST 460', 'RST 410', 'RST 465']"
History Teaching,"['ECON 102', 'HIST 273', 'ECON 103', 'HIST 100', 'HIST 382', 'HIST 288']"
"Computer Science + Chemistry, BSLAS","['CHEM 232', 'CHEM 442', 'CHEM 440', 'CHEM 236']"
Agricultural Leadership Education,"['ACE 100', 'AGED 220', 'AGED 421', 'PSYC 100', 'CPSC 112', 'ACES 101', 'AGED 100']"
"Computer Science + Astronomy, BSLAS","['ASTR 210', 'ASTR 310']"
Law & Power,['PS 494']
"Advertising, BS",['SOC 100']
Sports Management,"['RST 460', 'RST 370', 'RST 429', 'RST 465', 'RST 410']"
"Computer Science + Music, BS","['MATH 231', 'MATH 225', 'MATH 220']"
Chemistry Teaching,"['PHYS 214', 'PHYS 212']"
Consumer Economics & Finance,"['CS 105', 'ACE 300', 'ACCY 201', 'ACE 100', 'ACE 161', 'ACE 341', 'ACES 101', 'ECON 103']"
"Dance, BA","['DANC 497', 'DANC 362', 'DANC 262']"
"Music Composition, BMUS","['MUS 426', 'MUS 406']"
General Music,"['THEA 454', 'MUS 499', 'THEA 399', 'MUS 449', 'THEA 453']"
Agroecology,['ACES 101']
"Innovation, Leadership & Engineering Entrepreneurship, BS (ILEE)","['TE 498', 'TE 461', 'TE 466', 'TE 450']"
Horticultural Food Systems,['ACES 101']
Teaching of Mathematics,['MATH 453']
Plant Biotechnology & Molecular Biology,['ACES 101']
Applied Mathematics,['MATH 482']
