firstname,lastname,avg_rating
Robert,Darmody,4.4286
Pamela,Glosson,5
Sydney,Slobodnik,3.25
Lu,Gan,3
Michael,Miller,4.6667
Beverly,Stewart,2
Diana,Ranoa,4.6667
Kevin,Hamilton,4
Jennifer,Burns,5
Ao,Chen,3
Hasan,Ozer,5
Xavier,Stacey,5
Catherine,Lundy,4
Viraj,Kumar,4.8889
Melissa,Weber,4
Julie,Hengst,4
Matthew,Rukgaber,4.6667
Andrew,Parrish,3.6667
Amy,Johnson,2
David,Forsyth,4
Anna,Rinaldi-Miles,2.3333
David,Kesler,4
Piper,Hodson,5
Emilie,Bagby,4
Ilana,Akresh,2
Kathleen,Smith,3
Ari,Pence,5
Blake,Johnson,3
Michael,Ward,4
Mark,Shannon,5
Masab,Garada,5
Joseph,Miles,4.6667
Steve,Kostell,4.3333
Song,Cho,5
Douglas,Jones,4
Laurence,Mall,5
Chayapa,Darayon,4.2
Ellen,Fireman,4.8182
Donald,Briskin,5
Timothy,Stelzer,4.7105
Shelley,Weinberg,3
Timothy,Ellsworth,4.6667
Mark,Rood,3.5
Debra,Reid,2.2
Thomas,Finnegan,4
Paul,Gold,5
Panki,Kim,1.75
Xiaohui,Chen,4.4
William,Sullivan,5
Shirley,Faughn,3.5
Patricia,Watts,4
Marco,Caccamo,3
Helga,Varden,4
Bertrand,Guillou,3.8
Jill,Tschopp,5
Jaehyuk,Kwack,4
Tami,Bond,3
Charles,Schroeder,4.5
Roman,Boulatov,1.5
Jennifer,Kotowski,4
Kathryn,Clancy,3.4706
Arthur,Melnick,3.8
John,Dayger,4
Kindratenko,,3.8333
Robert,Skirvin,4.6667
Petros,Voulgaris,2
Richard,Sowers,4
Margaret,Fleck,3.2143
Jason,Morrissette,4.9333
Evan,Melhado,2
Todd,Doehring,5
Artan,Sheshmani,3
Michael,Stone,2.5
Randy,McCarthy,2.8333
Michael,Giardina,4.5
Negar,Kiyavash,4.5
Ki,Lee,3.75
Atul,Dixit,3.5
Yunjin,Kim,5
James,Barrett,4
Maria,Muyot,3
Michael,Burns,5
Lori,Paden,5
Jerome,Juska,5
Chryle,Elieff,4
Rui,Zhao,2.5
David,Morris,5
Jung,Hyun,4
Melissa,Bowles,4.6
Jang-Mei,Wu,3.3333
Richard,Laugesen,4.5714
Tony,Wong,3
Charles,Voigt,4.5
Joseph,Miles,4.5
Kourtikakis,,5
Annie,Abbott,4.6667
Jason,Vredenburg,4.6
Laxmikant,Kale,3
Charles,Roseman,4
Stefan,Freise,5
Angela,Green,2.5
Philip,Rodkin,4.5
Bruce,Levine,4
Juan,Fung,5
C.,Gunsalus,2.625
Richard,Keane,2.7419
Taghaboni-Dutta,,5
Trina,Wright,3
Ferrando,Valero,4.25
Bethany,Cutts,5
Leininger,,4.8
Scott,Tichenor,2.8
Jean-Pierre,Leburton,2.8571
Robert,Dodds,4.5
Jeffrey,Douglas,5
Emily,Mailey,3.8
Harrison,Kim,3
Jerald,Pataky,3
Deniz,Ay,4
Aditi,Das,5
Jaimi,Goodfriend,2
Nicholas,Lenczycki,3
Serife,Genis,3
Bryce,Dietrich,4
Charles,Fogelman,4
Youfu,Zhao,4
Alfred,Roca,4
Angharad,Valdivia,2
Oscar,Lopez-Pamies,2.1429
Tao,Mei,4.5
Rajagopal,Echambadi,5
David,Sansone,2.7
Michael,Oelze,4
Danielle,Thomas,4
Sonya,Irving,5
Corey,Flournoy,5
Rebecca,Roach,3.0769
Martin,Starzewski,1.5
Georgia,Garcia,1
David,Daum,5
Jonathan,Hamilton,3
Augusto,Espiritu,4
Steven,Hall,4.4773
Robert,McKim,3.3333
David,Yang,4
Henry,Schenck,4.1667
Paul,Kenis,3.75
Ann,Long,3.6667
Noah,Isserman,5
Robert,Murphy,4.0714
Nicholas,Petruzzi,5
Adriana,Molina,4
Ray,Ming,3
Jesse,Rhoades,4
Iker,Plazaola,3
Colin,Wraight,2
Clifford,Singer,2
Peter,Maggs,5
Nancy,Benson,2.5
Thomas,Mitchell,5
Charles,Byrne,5
Karen,Mortensen,4
Cheryl,Shriner,3
Arne,Pearlstein,1.8
Daniel,Schultz,1
N.,Namachchivaya,4.1429
Michael,Schlesinger,2.6
Donna,Brown,3.6
Chu-Yung,Chen,4.1667
Andreas,Cangellaris,5
Sergiy,Merenkov,3
Lisa,Lucero,3
Jon,Thaler,3
Benjamin,Hidalgo,3
Carol,Leff,4
Andrew,Pilny,4.5
Norman,Whitten,4
Sandra,Camargo,1
Curtis,Perry,4.5
Howard,Schein,5
Margaret,Flinn,4
Carol,Ash,1
Yoram,Bresler,4.5
Jennifer,Pollack,5
Matthew,O'Brien,3
Susan,Curtis,2.7059
Kimberly,Koch,5
Chia-Fon,Lee,2
Jordan,Levey,5
Jessica,Chubiz,5
Ely,Kerman,2.6667
Megan,Condis,3
Albert,Man,5
Dennis,Dullea,4
Marilyn,Holguin,4.5
Kenneth,Cuno,4
Anne,Barger,2
Robert,Aherin,4
John,Caughlin,3.7
Dunja,Jelesijevic,5
Andrew,Alleyne,4
Alexander,Duda,3.5
Douglas,Parrett,4.875
Brian,Rosten,3
Paul,Reed,5
Paramita,Mondal,2
Floyd,McKeith,5
Thomas,O'Gorman,4
Russell,Giannetta,1
James,Miller,2.3333
Kimani,Toussaint,5
Maria,Todorova,4.6667
Ryan,Loh,5
Wesley,Cho,2
Ashley,Hetrick,4.8
Anna-Maria,Marshall,5
E.,Love,4.25
Ray,Muhammad,4.3333
Dennis,Beard,5
Nicholas,Kirchner,2.5455
Joseph,Mahoney,5
Glaucio,Paulino,4
Andrew,Moss,3.5
Lynford,Goddard,3.4
Kurt,Bauer,2
Brian,Deal,4
Angelia,Nedich,3.75
Glennys,Mensing,5
Jude,Hays,4
Matthew,Brenner,5
Crystal,Thomas,4
Kevin,Kline,4.6
Mario,Perez,4
Ryan,Galis,5
Amandeep,Gargi,5
Fabio,Manda,5
Tabe,Bergman,3
Ceridwen,Hall,3
Laurie,Johnson,5
Sherrie,Hildreth,4
Matthew,Nohren,5
Shalaurey,Jones,5
Jeffrey,Moore,2.3077
Laura,Brown,4.6
Catherine,Wiesener,5
Eric,Vimr,5
Robert,Wengert,4.75
Michael,Madonick,5
Mohammad,Babadoost,4
Erik,McDuffie,2.5
C.,Henson,5
Jennifer,Oshen,5
Brett,Loman,5
Deana,McDonagh,2.8
Peter,Orlean,3
Luke,Batten,5
Sanja,Koric,5
Rebekah,Gilbert,2.6
Melissa,Orlie,3.375
Mikhail,Lyubansky,4
Wilfred,Donk,4
Matthew,Sherburne,3.3333
James,Lansing,3
Sung,Shin,1
Hyun,Kang,4
Michael,Krassa,3
Daniel,Petrella,4
Polanco,Encarnacion,3
Arindam,Roy,4
John,Trach,2.75
Esther,Heinz,5
Ilia,Kapovitch,4
Roma,Rofes,4
Mark,Fletcher,5
Susan,Martinis,5
Sara,Bordowitz,2
Richard,Weinzierl,4.2
Daniel,Kelly,3
Michael,Leblanc,3
Peter,Garrett,5
Jose,Peralta,4
Xinxin,Feng,3
Carla,Hunter,3
Jan,Brooks,5
Hendricksen,,3.3333
German,Bollero,4.75
Troy,Cooper,4.5
Hannah,Chan,3
B.,Spencer,4.1667
Kevin,O'Leary,5
Fay,Hodza,5
Jennifer,Scott,5
Weimo,Zhu,5
Konstantinos,Travlos,3.3333
Andrew,Chung,5
Peter,Griffin,5
Pratik,Randeria,5
Kenneth,Berg,1
Suhail,Barot,5
Michael,Williams,2
Rachel,Schwartz,5
Rashid,Bashir,5
Rajendra,Jain,3
Robin,Kravets,1.8
Steven,Smith,5
Anthony,Yannarell,3.6667
Lynette,Barnes,2.5
Steven,Luke,5
Kelly,Innes,5
A.,Rayburn,3.8333
Stephen,Notaro,4.6316
Kenneth,Suslick,4.6667
Anshul,Kogar,5
Leslie,Reagan,1.6
Dimitrios,Kyritsis,5
Lucas,Anderson,4.5
Soo-Yeun,Lee,4
Paul,Kornbluh,5
Douglas,Mitchell,1
David,Mertens,5
Alexis,Dyschkant,5
Jennifer,McNeilly,4
Paul,Hergenrother,3.3333
Kai-Wing,Chow,2
Patricia,Stoller,3.7143
Nancy,Hertzog,1
Florencia,Henshaw,4.25
Gavin,Horn,4
J.,Litchfield,3.3333
Madeline,Weikert,4.5
Ralph,Johnson,5
Jian,Shang,3.8
Lujun,Guo,3
Reginald,Alston,5
Thanh,Nguyen,4
Stanley,Ambrose,4.3333
Emily,Parrott,3.3333
Yewon,Gim,4
Micah,Riecker,5
Heather,Blain,4
Noha,Elsakka,4.3333
Kate,Grim-Feinberg,1
Donald,Stenzel,5
John,Jones,4
Bruce,Flachsbart,4
Margaret,McCurdy,3
Leonard,Pitt,3.75
Mehdi,Shadmehr,3
Mahdi,Rastad,3
Jeffrey,Trask,3.875
Emily,Shaw,5
Mary,Kraft,3
Ericka,Beckman,1
Lisa,Gundersen,3.0526
Michael,Miles,3
Gokhan,Atinc,1
Jenny,Singleton,5
Moon-Kie,Jung,4
Prashant,Mehta,3.5
Parthiban,Muniandy,5
Dominguez-Garcia,,3.3333
Jonathan,Makela,4.5
Edward,Hertenstein,3
Donald,Decoste,4.4524
David,Saintillan,4.3333
Nora,Csima,2.625
H.,Murdoch,3
Cynthia,Wachter,3.75
Daniel,Abrams,3.6667
Francisco,Gallart,3.8333
Rinat,Kedem,2.75
Chia,Chang,5
Beth,Morgan,3.3333
Bartlomiej,Siudeja,3.5
Mary,Ramey,4.3333
David,Cahill,2.5
Jill,Fitzgerald,4
Kirk,Stodola,1
Renee,Baillargeon,3.6667
Daniel,Schneider,4.3333
Junho,Song,4.5
Heejeong,Jeong,1
Stephen,Peters,4.3333
Iryce,Baron,5
Ott-Monsivais,,4
Margareth,Etienne,2
Damarys,Canache,3.5
Eric,Snodgrass,4.9844
Brian,Lilly,4.5
Brent,McBride,3.25
Katzenellenbogen,,3.3333
Sandra,Lucas,5
Gregory,Meyer,5
Michael,Woodley,5
Susan,Weiss,3
Shichang,Song,3.5
Robert,Gennis,3.4
John,Edgington,5
Tina,Huang,3.2222
Gretchen,Adams,4.7586
Lisa,Monda-Amaya,3
Andreas,Polycarpou,4.5
Alisha,Lewis,5
Ralph,Mathisen,1.5
Christian,Ray,4.3243
Behice,Ilhan,5
Carol,Symes,3.625
R.,Pandharipande,3
Rebecca,Sandefur,3.5
Rakesh,Kumar,2.2
James,Eden,5
Wendy,Truran,4
Larry,Di,5
Avani,Patel,5
Samuel,Pera,4
Wenxuan,Zhong,1.5
James,Phillips,3.2
Brian,Demarco,1.5
Charles,Whitfield,1.5
Kevin,Jackson,5
Gabriel,Solis,4
Brenden,Carollo,4
Linda,Smith,5
David,Porter,4
David,Dalpiaz,3.8333
Tamilia,Reed,4
Flavia,Andrade,4
Jung,Pyo,5
Walter,Harrington,3
Chad,Rienstra,4
Meng,Li,3
Daniel,Bradley,5
Dave,Grych,3
Perzavia,Praylow,3
Kimiko,Gunji,4
William,Griswold,5
Linda,Garrow,3.3333
Marina,Miletic,3
Gary,Dell,3.8333
Yuan,Fu,2
Jennifer,Fraterrigo,4
Justin,Hanson,2
Martin,Wu,2
David,Remmert,4.3
Xiaoting,Li,4
James,Sowa,2
John,Weaver,2
Lisa,Dixon,1
Aimo,Hinkkanen,4.3333
John,Rubins,5
Nancy,Blake,4.6667
Scott,Irwin,4
Julie,Son,5
Carla,Costa,4
Michelle,Wander,4.6667
Jimmy,Wong,4
Vincent,Ip,5
Bjorn,Malekin,4.5
Elizabeth,Glogowski,4
Steven,Michael,5
Corina,Lacatus,5
Jose,Vazquez,4.05
Richard,Layton,4.125
William,King,2
Ruby,Mendenhall,2
Andrew,Arana,4.5
Feisal,Mohamed,4.5
Christopher,Freeburg,4
Melissa,Larabee,5
Salvador,Victor,4.2
Feng,Liang,3.5
Kristin,Hoganson,3
Elena,Boiarskaia,1
Charles,Rezk,3
Erin,Castro,3
Angus,Rockett,2
Jont,Allen,4
Luke,Godwin-Jones,4.5
Lilya,Kaganovsky,4
Inger,Stole,1
Kevin,Reeder,4.5714
Arif,Masud,3
Astrid,Runggaldier,4
Stephen,Cartwright,5
Ali,Bazzi,5
Julie,Patterson,5
Silvia,Kunitz,2
Nicholas,Watanabe,4.5
Joseph,Manfredo,5
Henrique,Reis,2.5
Martin,Gruebele,4.7273
Joyce,Allen-Smith,1
Kimberly,Fonzo,5
Youngsoo,Kim,2.6667
Janet,Gaffney,1
Dean,Riechers,3
Stephen,Altaner,4.25
Barry,Pittendrigh,3
Jeehyeon,Seo,3
Gail,Hapke,4
Robert,Jenkins,5
Gholamreza,Mesri,5
Steven,Lauterburg,2.6
Magdi,Ragheb,4.1667
Alice,McCormack,3.5
Jennifer,Weber,1
Tom,Boynton,4
Elizabeth,Reutter,5
Eyal,Amir,2
Yue,Li,3.5
Terri,Cummings,5
Alexandra,Mobley,1
Fedja,Buric,1
Jonathan,Hollis,5
Tony,Grift,3
Haiyan,Lin,5
Susan,Larson,3
John,Musser,4.6667
Adele,Pacquette,4.3333
Justin,Davidson,4.5
Jennifer,Cravens,4
Saurabh,Sinha,1
David,O'Brien,4
Caitlin,Clarke,4.8
Maggie,Kainulainen,3.6667
Mats,Selen,4.4634
Steven,Anderson,3
Ankit,Saharan,5
Ashwini,Chhatre,3
Brent,Hart,3.25
Jamie,O'Connor,5
Stacey,Korson,1
Ken,Salo,1
Oleksandra,Wallo,2
Qing,Wang,1.5
Gregory,Webb,5
Michael,Koerner,4.625
Zsuzsa,Gille,5
A.,Hildebrand,4
Chih,Liu,4
Grant,Lewis,4
Timothy,Bowers,4
David,Nicol,3
Kyekyoon,Kim,3.3333
Tyran,Russell,2.6667
Andrew,Meyer,5
Sarah,Sullivan,4.8333
Igor,Cunha,5
Eric,Oldfield,4
Jose,Hualde,2
Thomas,Vance,4
Richelle,Bernazzoli,3
Dexter,Arnold,1
Shywon,Berry,1
Matthew,Marcinkowski,3.1429
Mark,Roszkowski,3.25
Bradley,Cosentino,4
Elyse,Vigiletti,5
Julie,Cidell,5
Doug,Owens,2
Pamela,Hadley,4.3333
Harry,Wildblood,3
Stefan,Mueller,3
Hailan,Zhou,4
Numa,Markee,1
Santanu,Chakraborty,2
Grant,Shoffstall,5
Taekjip,Ha,3.5
Richard,Mintel,3.4
Duane,Watson,3
Andrew,Merrill,1
James,Salvo,5
Michael,Dyer,2.6667
Kenneth,Chapman,3.4444
Jonathan,Tullis,5
Eric,Tanyavutti,3
P.,Kumar,5
Erik,Hemingway,5
Haymon-Coleman,,4
Ga-Young,Choi,3
Alonzo,Ward,2.5
Andrew,Leakey,3.75
Fred,Stoltzfus,4
Adrian,Burgos,5
Nick,Glumac,3.7273
Minseok,Jang,1
James,Stubbins,4.25
Peter,Silhan,2.0769
Michel,Bellini,4.4
Alex,Kirlik,1
Andrew,Bauer,4
Cristina,Zapata,3.6667
Ryan,Jones,3
William,Morgan,4
Indranil,Gupta,5
Jeffrey,Carlson,4.5
Gurumurthi,,2
Marian,Stone,5
Michael,Scoville,2
Hatun,Zengin,4.5
Dustin,Lange,4.75
Erin,Whitteck,2.9231
Li,Tan,4
John,Lambros,4.5
David,Goodman,3.25
Jeffrey,Castle,5
Khaled,El-Rayes,5
Eun,Lim,2
Jason,McCarley,4
Robin,Douglas,4
David,Tewksbury,4.5
Diloa,Bailey,5
Edward,Sellers,5
John,Mackay,3.5
Richard,Anderson,5
Joseph,Rosenblatt,2.375
Kenneth,Olson,2
Narjes,Tavoosi,5
Elaine,Wood,5
Vaibhav,Gadre,1
Salim,Rashid,4
Barry,Ackerson,5
Eric,Drollette,2
Julie,Dowling,4
William,Bullock,3
Christine,DeLisle,4
Esther,Lee,5
Muhammad,Al-Faruque,5
Eugene,Avrutin,3.5
Andrea,Golato,5
Carla,Rosell,1
Izaskun,Indacoechea,5
Kenneth,Stolarsky,2.6667
Heydari,Barardehi,3
Maarten,Bergvelt,3.4444
Dallas,Trinkle,4
James,Imlay,5
Samuel,Gleason,4
Lynn,Sikma,5
Kara,Federmeier,3.6667
Brian,Ross,4.25
Carie,Steele,1
Mike,Amezcua,3
Gisela,Sin,5
Britni,Townsend,5
Lisa,Travis,2.75
Fei,Wang,3
Steven,Bradlow,3.25
Debra,Hagstrom,5
Morten,Lundsgaard,1
Peter,Lasersohn,5
Jacalyn,Wittmer,5
Douglas,Simpson,3
Matthew,West,3.5
Rebekah,Arana,5
Kristina,Miler,3
Fiona,Ngo,4.5
Patrick,McGrath,5
Edward,Ofori,5
Bruce,Reznick,5
Susan,Farner,4.3529
Laura,Galicia,5
Laura,Hastings,4
Scott,White,3
Kristina,Rennekamp,5
Kevin,Ford,3.6667
Hugh,Robertson,4.6667
Zhuowei,Huang,5
Phillip,O'Connor,5
David,Sinow,3.3333
Benjamin,Bascom,4
Georgepierre,Lebron,3.2
Jeanne,Connell,3.25
Jacqueline,McDowell,1
Minh-Quang,Sakya,5
Elaina,Osterbur,5
Kevin,Teng,3
Joan,Huber,2
Roberto,Galvez,5
Edwin,Carrington,4
Mithilesh,Mishra,5
Sheila,Dean,3
Xinlei,Wang,4
Christine,Yerkes,3.1739
Amelia,Herb,3
Scott,Scharfenberg,5
Anupama,Varadharajan,4.6667
Rachel,Rizzo,3
Jiri,Lebl,4.5
Cheryl,Light,2.3333
Cynthia,Turner,2
Thomas,Nevins,3.6667
Elizabeth,Tyler,2
Latrelle,Bright,3
Armstrong,,4.6667
Alison,Colgrove,1
Alan,Hansen,3.5
Wei,Li,3.5
Elizabeth,Good,1.6667
Andrei,Kuzminov,1
Mandy,Troger,5
Matthew,Kamps,5
Dale,Bauer,3
Reynolds-Tylus,,4
Rebecca,Foote,4.5
Teran-Garcia,,5
Thomas,Bassett,3.4286
Yannick,Lionel,3
James,Beauchamp,1
Jane,Marshall,3.5
John,D'Angelo,2.5
William,Noble,3
Lanqing,Hua,1
Jeff,Erickson,3.5
Janice,Sherbert,4
Cassandra,Meinert,4
Eric,Peterson,4
Norah,Dick,5
Christopher,Fennell,4.5
Mahir,Saul,3
Jill,Clements,4
Benjamin,Gailey,4.25
Barbara,Minsker,1.4
Mark,David,4.1
Samantha,Hack-Ritzo,5
Sean,Curtin,4
Marc,Perry,2
Marcelo,Bucheli,1
Steven,Wilson,1.3333
Rakesh,Bhatt,4
Andrew,Suarez,4.6667
Sangsook,Lee-Chung,5
Andrew,Hall,4.6667
Elizabeth,Sweet,1
Patrick,Keenan,5
Patrick,McSorley,5
Mary,Eamon,3
Katherine,Tryon,5
Francis,Boyle,3.5
Andrew,Hunte,5
Gary,Wszalek,5
Hyun,Kim,2.3333
Noel,Zavala,4
Terry,Von,5
Bettina,Francis,3
Gregg,Strauss,4
Rachel,Kimnach,5
Paul,Stoddard,4.8571
Billy,Vermillion,3.5
Paul,Diehl,4
Priyam,Tripathy,4.4
Jennifer,Pahre,4
Marni,Boppart,4
Michael,Sandretto,5
Rayvon,Fouche,4.3333
Luke,Olson,4.3333
Hee,Chung,4
Elizabeth,LeMay,4
Jack,Ikeda,2.7143
Arthur,Schmidt,4.6667
Melanie,Waters,2.8889
Carlie,Fieseler,1
Mark,Taylor,2.5
Laura,McCloskey,2
Douglas,Elrick,4
Nathaniel,Chio,4
Kun,Kim,2
Kerianne,Quick,5
Bruce,Fouke,5
Huang-Wen,Lai,5
Wanju,Huang,5
Richard,Esbenshade,2
Curtis,Shoaf,4.6667
Sara,Shrader,2
Serife,Genis,2.1667
Verity,Winship,3.25
David,Michael,5
J.,Beckett,4.5
Athol,Kemball,4.6667
Robert,McGrew,4
Timur,Oikhberg,1.5
Thomas,Turino,3.3333
Mary,Edwards,4.75
Seda,Durguner,5
Dorine,Brand,2.5
Christine,Deloff,5
Stephen,Downie,5
Steven,Culpepper,2
Adam,Bowen,3.5
Sergio,Yona,5
Dale,Harlingen,5
Jennifer,Follis,3.25
Natalie,Havlin,3
Matthew,DeSieno,1
Eric,Johnson,5
Steven,Ashby,3.5
Dianne,Noland,4.25
Ibrahim,Odeh,2.5
Abel,Ramirez,4.6667
Adam,Brandt,2
Sang,Oh,1
Dawn,Bohn,3.7059
Stephanie,Clark,2
Takeharu,Sogo,3.6667
Daniel,Pack,2.7778
Kaitlin,Marks-Dubbs,4
Brian,Enders,5
Joanna,Austin,3.75
Robert,McChesney,2.1667
Julia,Shapland,3.5556
Brent,Young,4.25
Oleksii,Aksimentiev,1
Imelda,Moise,4
Eurydice,Bauer,1
Jose,Mestre,3.5
Fred,Gottheil,2.593
Matthew,Brown,4.6667
Rachel,Harris,3
Antoinette,Burton,3
Barry,Mink,4.1429
Alicia,Kozma,5
Thomas,Overbye,5
Hao,Feng,5
Katherine,Baylis,4
Sarita,Adve,4.5
Michael,Lim,1
A.,Endres,5
Raffi,Budakian,3.5
H.,Gaskins,5
Bryan,Dunne,4.4545
Shawna,Naidu,5
Adel,Ibrahim,3
Alexis,Tate,1
Steven,Petruzzello,4.5
Sandra,Kopels,5
Peter,Loeb,1.5
Kristen,Davis,4
Benjamin,Slade,2
Nitin,Vaidya,3
Jill,Craft,5
Robert,Rauber,4.25
Nancy,Sottos,5
Brian,Gonsalves,3
Max,Somers,4
Ying,Li,4.6667
Faith,Stein,3
Richard,Brazee,3.5
Randall,Dills,3
Charissa,Lansing,5
Deepthi,Nandakumar,1
Joshua,Lynch,1
Stephanie,Foote,4.4
Minh,Do,5
June,Huh,5
Serge,Minin,3.75
Jason,Chambers,3.6667
Kevin,Waspi,2.8333
Lori,Kendall,3
Somnath,Roy,1
Mendiola-Sanchez,,5
Kil,Kim,3
Hamood,Arham,5
Joanna,Osterhout,1
F.,Simmons,4.5385
Gerald,Walter,5
Ryan,Bean,2
Anne,Baranger,2
Lara,Waldrop,4
Valeria,Sobol,3
Matthew,Winters,2
Gang,Liu,1.6667
Chae,Yoon,4
Anna,Dilger,5
Jodi,Flaws,5
Alejandro,Lleras,4.5
Amanda,Wisdom,4
Daniel,Bodony,3.5
Allison,Earl,4.75
J.,Giertz,3
John,Braden,3.6667
Dennis,O'Dea,3
Scott,Ahlgren,3.625
Sylvia,Ogilvie,3
Alan,Mette,4
Ariana,Traill,4.25
Yevgeniya,Funk,3.5
Robert,Hughes,4
Masooda,Bashir,1
Cassandra,Rosado,5
Paul,Magelli,5
George,Boone,4
Hayri,Onal,5
David,Bullock,2.5
Timothy,McCarthy,4
Andrew,Millard,4
Jeffrey,Loewenstein,5
Kevin,Raschen,5
Annie,Kelvie,2
Kim,Whittlesey,4.0556
Justine,Karduck,4
Allison,Scott,5
Ting,Lu,2.3333
Megan,Bolander,5
Daniel,Work,4
Mimi,Nguyen,3.5
John,Vasquez,3.2
Bruce,Smith,4
Chengxiang,Zhai,5
May,Berenbaum,5
Johnell,Bentz,4.5833
Denise,Cummins,4
James,Lisy,3
Yi-Shuan,Chen,5
Steven,Zusman,5
Amy,Norgard,5
Karen,Roybal,5
Anil,Hirani,3
David,Strauser,1
Ryan,Tomasiewicz,4
Joseph,Finnerty,2.3333
Steven,Lumetta,4.75
Dora,Valkanova,3
Werner,Baer,3.6739
John,Kindt,3.7
Israel,E.,4
Sarah,Haas,5
Megan,Haselschwerdt,5
Jessie,Johnson,5
Kent,Ono,4
James,Jackson,2
Margaret,Stanny,5
Daniel,Colson,1
Rachel,Mitchell,2.6667
Daniel,Holder,5
Ruth,Brown,2
Kelly,Tappenden,5
Olgica,Milenkovic,4
Maria,Spies,3
Thomas,Gambill,3.5909
Jacob,Hall,2
Amy,Nicely,2.6667
Engelbrecht-Wiggans,,3
Thomas,Hummel,3.7344
Carl,Malmgren,2.5
Donna,Buchanan,3.2
Ashleigh,Jones,4
Brian,Walters,4
Mary,Cottingham,4
Pramod,Viswanath,5
Rebecca,Stumpf,5
Noel,Chang,4.5
Leslie,Looney,4.75
M.,Spies,2.6
Isaac,DiIanni,2.5
Ottlik,,3
Katherine,Wahl,5
Marsha,Woodbury,4
Witat,Fakcharoenphol,2.5
Amita,Sinha,2.5
Mariana,Sohn,5
Peter,Goldsmith,3.75
Donald,Hardin,2.75
Marco,Rocha,3
Lisa,Oliverio,5
Margaret,Njeru,4.2857
Julia,Smith,3
Michele,Koven,5
Jibo,He,3
Xiaoling,Chen,4
Liang,Liu,5
Alison,Lanski,4.1667
Lane,Martin,3.5
Zachary,Carrettin,5
Bryan,Mount,3
John,Walsh,4.6667
Adam,Poetzel,5
Sylvia,Enyart,3
Zack,Browning,3.5
Ruopeng,An,5
John,Ramsbottom,3.5
Wade,Fagen,2.5
Martinez-Quiroga,,5
Megan,Kosovski,5
Alice,Novak,3.5714
Patricia,Morey,2
Timothy,Green,4
Lisa,Crane,4.5
Diana,Grigsby,2
Julia,Hockenmaier,3
Paul,Duncum,5
Lina,Deng,5
Lawrence,Hamlin,3.8
Maria,Anderson,3
Justin,Rhodes,3
Weidenbenner,,3.6667
Jeremy,Rouse,5
Vyron,Vellis,3
Gaston,Philipps,4
Matthew,Minicucci,5
Merton,Lee,3
Steven,Wagner,3
Hassan,Arvin-Rad,2.7333
Timothy,Trick,3.4
Todd,Cole,4.2
Wen-Tso,Liu,1.5
Sandra,Lee,5
Deschenes,Pradet,5
Alok,Tiwari,4
Joe,Bradley,5
Jianhua,Zhang,3.5
Robert,Haber,3
Sean,Mullen,4
David,Chih,5
Ryan,Greene,4.5
Ryan,Bailey,4
Milan,Svolik,4.5
Hyun,Kong,3.4
Lynn,Morris,1
Jason,Sneed,3
Harry,Dankowicz,5
Christopher,Schmitz,5
Sara,McWhorter,2
Jonathan,Beever,3.5
Chera,LaForge,5
Florin,Boca,1.6
Murugesu,Sivapalan,2.1667
Mark,Berchman,4
Narayana,Aluru,3
Eric,Meyer,1
Joseph,Squier,5
Jeffrey,Frame,3.7647
Vyacheslav,Fos,3
Anthony,Coats,5
Robin,Estabrook,4
Lauren,VanNatta,3
Felipe,Cardoso,5
Timothy,Peck,5
Irene,Small,4.5
Jayme,Liggett,5
Bavwidinsi,Bawawana,3
Sharon,Morrisette,4
Richard,Gates,3.3333
Roy,Axford,5
Maria,Garzaran,2.2
Anja,Bankovic,1
John,Abelson,4
Terri,Weissman,2.25
Milton,Feng,3.6667
Thomas,Costello,4.5
Jung,Lee,4
Glenn,Roisman,4.5
Jerome,Packard,4.5
Tanya,Kozlowski,5
Tangul,Basar,3.8333
Ozlem,Arikan,2
Neil,Kelleher,2
Yinxiao,Huang,2.8333
Douglas,Olenik,2
Austin,Basye,5
Vernon,Jones,4
Eileen,Lagman,5
Charles,Gammie,3
Yih-Chun,Hu,3.2143
Katherine,Graham,5
In-Koo,Cho,1
Joseph,Cheng,1
Daniel,Wasserman,3
Steven,Hill,3.5
Dana,Dlott,3
Prasanta,Kalita,5
Patryk,Szuta,4
Scott,Olson,3.3333
Philip,Hillmer,4.4
Shannan,Stewart,4.375
Lauren,Weiner,5
Charles,Miller,2.5
Cascajar-Montero,,4.5
Lena,Hann,4
Igor,Nikolaev,3.3333
Daniel,Walsh,4
Ronald,Kovatch,4
Anton,Malkin,1
Scott,Carney,4
Jeremy,Wear,5
John,Colombo,5
John,Alsterda,5
Jon,Solomon,4.6786
Harry,Liebersohn,4
Surya,Vanka,4
Eileen,Herrstrom,3.2857
Stewart,Hicks,2.5
Jonathan,Ebel,2.8571
Brendan,Harley,4.5
Raul,Mora,4
Kristina,Riedel,1
Roya,Khatiblou,5
Daniel,Simons,4.5
Ellen,Moodie,3
Leslie,Gasser,4
Wei,Zhu,4
Jennifer,Nelson,4
Urvi,Neelakantan,5
Patricia,Gill,3.75
Bruce,Carpenter,3.75
Nicholas,Paulson,4.8
Min-Feng,Yu,4.3333
Janice,Juraska,2.4
David,Wright,5
Laura,Chinchilla,5
Kevin,Erickson,4
Gwendolen,Rudy,3.5
Kyle,Williams,4.3333
Xuming,He,5
Jessica,Wong,3
John,Popovics,4
Benjamin,Goodney,3
Lauren,Hansen,3
Mary,Hays,3.5
Aaron,Harper,5
Philip,Miller,5
Carla,Caceres,3
Poshek,Fu,3.5
Narendra,Ahuja,3
James,Brennan,4.5
Itxaso,Rodriguez,5
Laura,Reynolds,4
Lindsay,Sperling,3.5714
Jeffrey,Dawson,4
Vishal,Sachdev,3
Michael,Loui,3.5
Nicholas,DeSanto,5
Robert,Muncaster,2.3
Susan,Ahmed,3
Caetano-Anolles,,4.5
Ditlev,Monrad,2.4545
Joseph,Barich,5
Jesse,Jones,4.3333
Matthew,Ando,4
Matthew,Niermann,4.3333
Ross,Putman,5
Ralph,Husby,5
Donald,Davis,3.8889
Philipp,Hieronymi,4
Karen,Rudolph,5
Amalia,Pursell,5
Francis,Machungo,4
Erin,Chandler,3
Tony,Liss,4
Curtis,Jacobs,3.6667
Luis,Herrera,5
Maria,Rubio-Campos,3
Salome,Tvalodze,5
Stephen,Runkle,4.5
Scott,Morris,4.6667
John,Low,5
Darin,Eastburn,3.5
Stefan,Krasa,5
Laura,Greene,4.5
Carol,Augspurger,3.125
Spencer,Snow,3
Peter,Fritzsche,4
Delmar,Rhodes,2
Suzanne,Lee,3
Julia,Saville,3.25
Dalia,Chowdhury,5
Katrina,Olson,2.4
Simona,Buetti,2
Paul,Peterson,3
Stephanie,Wall,4
Peter,Davis,5
Nathan,Raybeck,3
Renata,Fuchs,5
Faranak,Miraftab,3
Sundiata,Cha-Jua,2.5
Tongfei,Wang,5
Michael,Kral,5
Heather,Zike,2
Luthey-Schulten,,2.5
Pierre,Albin,2
Kostyantyn,Slutskyy,3.5
Juan,Loor,3.8333
Laura,Hollis,4.25
Emily,Ewers,2
Robert,Wickesberg,5
Brian,Phelan,4
Anna,Escobar,3.8
Aric,Rindfleisch,4
Debojoy,Chanda,5
Jonathan,Tomkin,4.5
Claire,Brady,4
Pablo,Reyes,5
Alexander,Lo,4.6
Ghamari-Tabrizi,,2.8571
Jose,Cheibub,3.3333
William,Berry,4
Matthew,Gilbert,3.3333
Alison,Anders,3.5
Cynthia,Fisher,3.3333
Natalya,Khokholova,5
Scott,Walter,4
Yoon,Pak,3
Lila,Vodkin,4
Michael,Sacco,5
Tania,Coambs,5
Liliana,Gonzalez,5
Timothy,Marty,3.6667
Jie,Yang,1
Gregory,MacDougall,2
Orrin,Sherwood,5
Jerald,Shelato,4
Amy,Fischer-Brown,2.75
Jensen,Beach,5
Michael,Preis,2.6316
Shawn,Ballard,1
Jeffrey,Kansler,3.5
Patricia,Shapley,1.8333
Tyler,Fagan,5
Jose,Schutt-Aine,3
Jianan,Xu,4.6667
Koloutsou-Vakakis,,4
Ann,Reisner,3
Timothy,Laar,4
Dan,Shao,3
George,Bell,4.3333
Robert,Tierney,4
Alexandra,Cavallaro,2.5
Lisa,Cacho,4.5
Austin,Lee-Richerson,5
Joel,Versypt,4
Jeffrey,Spencer,4.5
Timothy,Johnson,5
Jonathan,Greenberg,4
Gaines,Hall,3
Kevin,Chang,4.5
Yann,Chemla,4.3333
David,Gooler,2.8571
Leon,Frizzell,3.2
Erhan,Kudeki,4.75
Daniel,Jumper,5
Lauren,Collins,5
Jasmina,Savic,5
Jeffrey,Magee,4.3333
Aaron,Hill,3
Esther,Dettmar,3
Jinwon,Choi,5
Marius,Junge,5
Nancy,Joseph,2
Eric,Hostetter,3
Chen,Yao,3
Esmail,Meisami,3.8571
Jae,Yong,4
Jerrod,Henderson,5
Soo,Kwon,3.6667
Paolo,Gardoni,1.5
Clare,Crowston,3.6
Patricia,Knowles,5
Zaruhi,Sahakyan,2.4545
Colleen,Schultz,3.2564
Douglas,Miller,4
Yiqun,Wang,3
Amy,Ando,3.3333
Mark,Schaedel,4
Synthia,Sydnor,3.6667
Hasegawa-Johnson,,5
Chester,Brown,3.75
Yung-Jui,Yang,4
Gregory,Kelsey,3
Michael,Gioia,5
Linda,Lehovec,4
Benjamin,Clegg,5
Mouschovias,,3
Joseph,Petry,3.9744
Han-Jui,Chen,5
Joe,Harper,4.2727
Tania,Lown-Hecht,5
Russell,Korte,1
William,Hope,5
Sizhu,You,4
Yinghong,Pan,4
Amanda,Zink,4
Cynthia,Johnson,3
Gilberto,Rosas,2.5714
Hendrik,Schulze,4
Armin,Straub,5
Yueh-Mei,Lin,4
Cale,Magnuson,4.3333
Maurice,Meilleur,1
Dana,Kiku,1.8
Sanjay,Patel,4.4
Pritesh,Pandya,2.5
Jorge,Marquez,4
Daniel,Steward,3.75
Shen,Dillon,2.6667
Paul,Ricker,3.6667
Sara,Luttfring,5
Tolga,Tezcan,3
Mohamed,Boubekri,3.3333
Alan,Cobb,3.6667
Mary,Carlton,4.3333
Raymond,Zielinski,3
Brian,Dolber,4
Mor,Gueye,5
David,Rivier,3.6667
Margaret,Kelley,5
Brunet,,4.48
Landrum-Brown,,2
Alison,Reddy,3.7778
Aida,El-Khadra,5
John,Marsh,5
Kristine,Cochran,1
Kirsten,Letofsky,2
Farhad,Malekafzali,2.1667
Lee,Waldrep,3.75
Crespo,Del,5
Samantha,Barrick,4
Asef,Bayat,5
Shelley,Smithson,2
Cornelia,Otnes,3.75
Dan,Roth,5
Jonathan,Freund,2.5
Ghazi,Kalahroudi,3
Patrick,Sullivan,5
Janeen,Johnson,4
Xinyuan,Dai,5
J.,Dutton,4.75
Melanie,Tannenbaum,5
Polly,Middleton,5
Angela,Hurt,4
Kathryn,Oberdeck,2.5
Anupam,Agrawal,5
Rhiannon,Clifton,4
Rachel,Shafer,4.5
Sergei,Ivanov,3
Peter,Wellington,5
Adam,Myers,4
Rebecca,Weber,4
Mindy,Mallory,3
Rohini,Singh,4.5
Michael,Frazier,2
Gary,Crull,4
Aya,Shigeto,5
Christopher,Salnave,4
Sha,Chen,5
John,Hough,4.25
John,Taft,4
Sheldon,Jacobson,4.5
Sarah,Projansky,4.5
George,Bell,4
Ivy,Glennon,2.8333
Robert,Siebrecht,5
Brent,Roberts,3.9
Monica,McDermott,4
Dorothee,Schneider,2.6667
Kirstie,Simson,5
Dusty,Grundmeier,4
Christina,Schultz,4
Mayukh,Khan,3
Wen-Hao,Huang,5
Woo,Cho,5
M.,Brewster,2.3333
Alexander,Smith,5
Andrzej,Wieckowski,4
Laura,Shackelford,4
Summer,Carnett,5
James,Lafave,4
Samuel,Kamin,2
Melissa,Reedy,3.6667
Mathrumandiram,Sivada...,5
Dan,Lior,4
Philippe,Geubelle,3
Napieralski,,5
Jay,Luckritz,5
Moonsub,Shim,4
Kristin,Drogos,5
Thomas,Rudolph,4
Fang-Kai,Jao,4.5
Ronald,Toby,2.2308
Patrick,Brown,3
Shelly,Schmidt,4
David,Lyon,4
Iryna,Sharaievska,3.5
Parthasarathy,,5
Rhanor,Gillette,5
Nikolaos,Vergis,5
Sarah,Hennebohl,4
Richard,Mohr,5
Amanda,Szabo,4
Benjamin,Warlick,4
Chumachenko,,5
Adam,Irish,2.6667
Donald,McFarland,4
Mee,Im,4
Robert,Hornbaker,4
Jeremiah,Bohr,4
Ian,Robertson,3.5
Yanfeng,Ouyang,5
Nathan,Dunfield,4.4444
Stephen,Downing,4
Bruce,Conway,5
Diane,Koenker,5
Matthew,Sabin,4
Joseph,Hutto,5
Stephen,Farrand,2.7273
Julie,Price,5
Joseph,Hinchliffe,1.5
Thomas,Srull,3.7368
James,Wallace,4
Michael,Odom,4.2727
Bethany,Cooper,5
Julie,Larsen,2.6
Catherine,Blake,1
Patricia,Loughran,3
Lynn,Herrmann,1
John,Murphy,3.6667
Igor,Petrik,4
Huseyin,Sehitoglu,3
Sorin,Bangu,3.5714
Naomi,Makins,4.8
Lauren,Denofrio,4
Jessica,Jacobson,4
Ron,Laschever,2
Paula,Poh,4
Monicka,Wielgos,5
Anustup,Basu,4
Maseeh,Moradi,5
Sarah,Brown-Schmidt,4
Angela,Slates,1
Reshmi,Mukherjee,3
Gary,Parker,3
Kiel,Christianson,5
Yvonne,Carey,5
Alejandro,Lugo,1.3333
Michael,Stewart,4.375
Sujith,Vijay,3
Jennifer,Smist,5
Richard,Arnould,5
Rachel,Whitaker,2
Abdelaadim,Bidaoui,3.5
Jan,Erkert,5
Raquel,Goebel,5
Michael,Myers,2.5
Joseph,Robinson,4
Michelle,Perry,5
Robert,Rushing,4.6
Duncan,Keenan-Jones,1
Thomas,Carty,2.6341
Sara,McLafferty,4.5
James,Best,5
Lu,Xu,3.25
Jennifer,Bernhard,5
Meghan,O'Meara,1.5
Isaac,Tubb,3.8571
Tracey,Hickox,4
Dana,Shalash,5
David,Miller,3
Naomi,Rothman,5
Cagdas,Agirdas,3.8
Dustin,Allred,2
Mark,Nelson,4
Greg,McFarquhar,4.3333
Nina,Tarr,5
Kristin,Walters,5
Bassem,Andrawes,2.5
Michael,Andrejasich,1
Johann,Thiel,4
David,Ruzic,5
Joanne,Manaster,5
William,Kinnersley,5
R.,Baber,3
Matthew,Rispoli,3.5
John,Senseney,3.5
Darrell,Kuykendall,4
Tracy,Sulkin,3.875
Vidisha,Vachharajani,3
Douglas,Beck,3
Robert,DeVille,5
Susan,Thomas,5
Ellen,Evans,2
Andrea,Olinger,4
Cinda,Heeren,4.7647
Shobha,Vasudevan,1.8
Ashley,Stinespring,4
Martin,Manalansan,4.5
Andrew,Cuthbertson,4
Richard,Mulvaney,3.25
Jennifer,Shoaff,1.9
Pamela,Shuler,5
Emanuel,Rota,4
David,Meyer,4
Susan,Ahmed,4
Darrel,Kesler,5
Mohamed,Aboukhatwa,4
David,Lange,4
Yi,Lu,3.5
Thomas,Jacobs,3
Michael,Philpott,4.25
Julius,Riles,5
Miles,Efron,4
Timothy,Pauketat,4
Nathaniel,Hirtz,4
Paul,Johnson,5
Joseph,Beverly,2.3333
Elizabeth,Good,2.5
Sean,Karns,4
Kimberly,Shinew,2.6
Scott,Perkins,4.5
Robert,Boyer,5
Alyssa,Martoccio,3
Joseph,Diamond,3
Glenda,Kao,1
Jonathan,Waskan,4.5
Wail,Hassan,4
Adrian,Bruhns,5
Sean,Meyn,1
Robert,Pahre,3
Lippold,Haken,4.1667
Colin,Thorn,4
Vadim,Zharnitsky,2.1667
Neal,Cohen,5
Gary,Xu,4.5
Kiley,Reed,5
Jesse,Beder,4
Rolando,Romero,2
Stephen,Levinson,3
Gunji-Ballsrud,,1
Robert,Averback,2.1667
Brian,Manor,5
Charles,Lawarre,3.3333
Todd,Allee,3.3333
Denka,Kutzarova-Ford,3
Eyamba,Bokamba,3
Jared,Bronski,4.0526
Ramanath,Subramanyam,4
David,Roediger,2
Corinne,Crane,3.5
Scott,Althaus,3
Gerald,Dejong,2.5
Laura,Hill,4.5
Elizabeth,Altiero,5
Aldo,Manfroi,4.7143
Jessica,Greenberg,3
Sadra,Amiri,5
Steve,Granick,2
David,Clark,2.4
Lindsey,Drager,4
Veronika,Sanogo,2
Linda,Larsen,3.5
Joseph,Miller,4.5
Patrick,Maher,2
Mark,Leff,3.5
Robert,Dole,4.3333
Weixin,Tang,2
Bradley,Mehrtens,4.2537
James,Barkley,5
Sylvia,Puente,4.5
Julian,Parrott,5
Ali,Tafti,2
Thomas,Mahle,1
Scott,Wyatt,5
Maksym,Bobrovskyy,5
Jonathan,Livengood,4.5
Yuju,Tu,4.5
Srinivasa,Salapaka,4.5
Jesse,Miller,2
Eugene,Lerman,4
Todd,Coleman,3
Anne,Burkus-Chasson,3.6667
John,Moore,2.5
Clifton,Brown,3.5
Rebecca,Deltoro,4.25
Lisa,Burgoon,5
Soondo,Baek,5
Ioannis,Chasiotis,4
James,Bunch,3
Brian,Jamison,2.5
Li,Li,4.25
Michelle,Nelson,5
Xin,Chen,3
Ali,Abbas,5
Javid,Dizgam,5
Nicholas,Llewellyn,3.6471
Andrew,Singer,4.4
Ryan,Gower,4.5625
Susan,Koshy,3
William,Hammack,4.5
William,Hechler,3.6667
Jean,Lee,3
Greg,Burton,4
K.,Hsia,5
Bobby,Belote,4
Joseph,Grohens,4
Michael,Haney,5
Luis,Rodriguez,3
Jingyu,Huang,4
Lusha,Zhu,5
Nicki,Engeseth,5
J.,Eheart,2
Sarah,Rasmusson,2.5
Yang,Wang,4
Catherine,Murphy,3
Valerie,Rogalla,2
Daniel,Wong,4.3333
Grace,Giorgio,3.5
Matthew,Pontifex,3.5
Jeffrey,Thibert,4
Bruce,Hajek,4
Jose,Alejandro,2
Elizabeth,Crosby,4
Daniel,Sholem,5
Donald,Bullock,3.8
Paul,Braun,4
Tammie,Rubin,3
Yuguo,Chen,3
William,Buttlar,5
Michael,Raycraft,4.6667
Sharon,Donovan,3
Brian,Benson,4
Sasha,Cuerda,4
Jamil,Johnson,5
Jeffrey,Davis,4
Mohammad,Khalil,5
Brian,Quick,4.5
Praveen,Kumar,3.6
Janet,Reis,4
Valerie,O'Brien,5
Richard,Akresh,2
Geralyn,Holley,5
Jaewon,Choi,5
Ashley,Holland,4
Milan,Bagchi,4
Edmund,Sutton,3.5
Stephen,Platt,4
Yael,Massen,3
Craig,Koslofsky,2.1429
Jonathan,Krohn,1
Ali,Toossi,3.5
Andrew,Bauer,5
Natasha,Shrikant,4
James,Slauch,4.6667
Ivanhoe,Favila,1
Cheryl,Cole,3.5
Sena,Durguner,3
Kurt,Kwast,4
Nicole,Allen,1
Andrew,Greenlee,4
Karla,Palma,2.75
Shawn,Gilmore,2
Yang,Liu,1
Steven,Zimmerman,4.4444
Jugo,Martinez,4
Paul,Pollack,5
Lori,Coulter,5
Joshua,Gulley,4.6667
Sankar,Dutta,2.5
Michael,Bilton,4
Ming,Tan,5
Aaron,Benjamin,4
Michael,Evans,4
Adva,Waranyuwat,5
Noreen,Sugrue,4
Chaitanya,Date,2
Alyssa,Madsen,5
James,Leake,3
Sandra,Rodriguez-Zas,4
Mariselle,Melendez,4
Peter,Sheldon,5
Tara,Larrison,3.5
Noah,Bindman,3
Judith,King,1.5
Ozge,Sensoy,5
Eduard-Wilhelm,Kirr,1
Constancio,Arnaldo,4
Stuart,Shapiro,5
Timothy,Stark,5
Anna,Verbuk,5
Antonio,Nunez,4
Mark,Micale,4.4
Joseph,Swenson,4
Charles,Werth,5
Matthew,Wheeler,3
Adrienne,Lo,4
David,Rosch,5
David,Varodayan,5
Andrew,Kerins,3
Craig,Gundersen,4
Jeffrey,Ledebuhr,5
Zijing,He,4
Isabel,Wulf,5
Franklin,Ridgway,5
Matthew,Dye,3.75
Craig,Zilles,4.6667
Robert,Brunner,3
Daniel,Estrada,3
Gary,Olsen,4.5
Radhakrishnan,,5
Jui,Namjoshi,5
Erica,Britt,4
John,Hummel,1
Ercan,Balci,5
Kit,Mak,1
Dorothy,Espelage,5
John,Lenz,1
Kirsten,Hope,4.5
Erin,McQuiston,3
Benjamin,Kern,1
Minkyung,Koo,4.25
Robert,Bauer,2.6667
Stephen,Davenport,5
Robert,Motl,5
S.,Cooper,5
Gary,Gladding,3.5333
Teresa,Finis,4.6667
Helaine,Silverman,4
John,Georgiadis,3
Colin,Flint,3
David,Sussman,5
Jonathan,Marcot,3.6667
Dennis,Readey,3.75
Miho,Young,5
Joshua,Brown,3
Paul,Kwiat,3.8667
Courtney,Flint,4
George,Krueger,4
Alexander,Tumanov,1.875
Jennifer,Romine,4
Youssef,Hashash,3.125
Felipe,Olivarez,1
Alfred,Hubler,5
Mary,Paquette-Abt,4.5
Mark,Moore,3
Ida,Salusky,3
Zackary,Ross,3
David,Zola,5
James,Morrissey,3
Michael,Hirschi,4
Sarah,Albert,4
Lawrence,Angrave,4.8857
Jun,Hong,1
Dana,Rabin,3.3333
Malay,Dey,1
Raul,Santos,3.5
Caroline,Yang,3.6364
Sayan,Mitra,4.1
Eric,Shaffer,4.3333
Dongwoo,Kim,1
Caroline,Tancredy,4
Seonhee,Jeong,4
Jinming,Zhang,3
Heather,Minor,4
Braden,Brinkman,5
Chang,Ham,1
Virginia,France,2
Kuang-Chien,Hsieh,4
Tania,Ionin,4.5
Juan,Andrade,5
Amy,Wagoner,3
Kelly,Bost,5
Farzan,Kazemifar,4
Daniel,Tortorelli,3.3333
Jiawei,Han,4.5
Mirona,Chirienco,5
Peter,Beak,3.3333
Kitwiwattanachai,,1
Charlevoix-Romine,,4
Jonathan,Jarrell,5
Maria,Stasevicius,4.75
Laird,Thompson,4.4286
Mattias,Polborn,3
Anne,Owens,3
Iwan,Duursma,2.5
Navin,Fogla,5
Dov,Weiss,3
Stewart,Berlocher,2.5
Lynnell,Lacy,4.6667
Ripan,Malhi,5
Carrie,Mulvaney,5
Christopher,Duff,2.5
Irene,Zavarsky,5
Surangi,Punyasena,3.25
Julie,Bobitt,4.5
John,Polk,2
Chester,Alwes,3.3333
Lance,Schideman,1
Karen,Quisenberry,5
Leigh,Mingle,4
Edward,Robinson,3
Andrew,Schultz,3.6667
LuAnn,Hansen,4
Lauren,Hetrovicz,4
Harley,Johnson,3.4
Vinayak,Shanbhag,4
Hae,Chung,5
Alexey,Stepanov,4.2632
Antonios,Augoustakis,5
Kelly,Marville,3.24
Rini,Mehta,4
Larry,Fahnestock,4
Monica,Majumdar,2
Gustavo,Gioia,4.4286
Girish,Krishnan,3
Udatta,Palekar,4
Scott,Willenbrock,4.7143
Donghun,Joo,5
Naira,Hovakimyan,1
Martin,Burke,2.5
William,Bernhard,4.5
